{
	"credit": "Made with Blockbench",
	"parent": "block/cube",
	"textures": {
		"0": "block/death_bottom",
		"1": "block/death_side",
		"2": "block/death_top",
		"3": "block/death_icon",
		"particle": "block/death_side"
	},
	"elements": [
		{
			"from": [0, 0, 0],
			"to": [16, 16, 16],
			"faces": {
				"north": {"uv": [0, 0, 16, 16], "texture": "#1"},
				"east": {"uv": [0, 0, 16, 16], "texture": "#1"},
				"south": {"uv": [0, 0, 16, 16], "texture": "#1"},
				"west": {"uv": [0, 0, 16, 16], "texture": "#1"},
				"up": {"uv": [0, 0, 16, 16], "texture": "#2"},
				"down": {"uv": [0, 0, 16, 16], "texture": "#0"}
			}
		},
		{
			"from": [1, 16, 1],
			"to": [15, 17, 15],
			"faces": {
				"north": {"uv": [1, 1, 15, 2], "rotation": 180, "texture": "#2"},
				"east": {"uv": [14, 1, 15, 15], "rotation": 90, "texture": "#2"},
				"south": {"uv": [1, 14, 15, 15], "texture": "#2"},
				"west": {"uv": [1, 1, 2, 15], "rotation": 270, "texture": "#2"},
				"up": {"uv": [1, 1, 15, 15], "texture": "#2"},
				"down": {"uv": [1, 1, 15, 15], "texture": "#2"}
			}
		},
		{
			"name": "death_icon_0",
			"from": [4, 4, -1],
			"to": [12, 12, 0],
			"faces": {
				"north": {"uv": [4, 12, 12, 4], "rotation": 180, "texture": "#3"},
				"east": {"uv": [11, 4, 12, 12], "texture": "#3"},
				"south": {"uv": [4, 4, 12, 12], "texture": "#3"},
				"west": {"uv": [4, 4, 5, 12], "texture": "#3"},
				"up": {"uv": [12, 4, 4, 5], "rotation": 180, "texture": "#3"},
				"down": {"uv": [4, 11, 12, 12], "texture": "#3"}
			}
		},
		{
			"name": "death_icon_1",
			"from": [-1, 4, 4],
			"to": [0, 12, 12],
			"faces": {
				"north": {"uv": [4, 4, 5, 12], "texture": "#3"},
				"east": {"uv": [4, 12, 12, 4], "rotation": 180, "texture": "#3"},
				"south": {"uv": [11, 4, 12, 12], "texture": "#3"},
				"west": {"uv": [4, 4, 12, 12], "texture": "#3"},
				"up": {"uv": [12, 4, 4, 5], "rotation": 270, "texture": "#3"},
				"down": {"uv": [4, 11, 12, 12], "rotation": 270, "texture": "#3"}
			}
		},
		{
			"name": "death_icon_2",
			"from": [16, 4, 4],
			"to": [17, 12, 12],
			"faces": {
				"north": {"uv": [4, 4, 5, 12], "texture": "#3"},
				"east": {"uv": [4, 12, 12, 4], "rotation": 180, "texture": "#3"},
				"south": {"uv": [11, 4, 12, 12], "texture": "#3"},
				"west": {"uv": [4, 4, 12, 12], "texture": "#3"},
				"up": {"uv": [12, 4, 4, 5], "rotation": 270, "texture": "#3"},
				"down": {"uv": [4, 11, 12, 12], "rotation": 270, "texture": "#3"}
			}
		},
		{
			"name": "death_icon_1",
			"from": [4, 4, 16],
			"to": [12, 12, 17],
			"faces": {
				"north": {"uv": [4, 12, 12, 4], "rotation": 180, "texture": "#3"},
				"east": {"uv": [11, 4, 12, 12], "texture": "#3"},
				"south": {"uv": [4, 4, 12, 12], "texture": "#3"},
				"west": {"uv": [4, 4, 5, 12], "texture": "#3"},
				"up": {"uv": [12, 4, 4, 5], "rotation": 180, "texture": "#3"},
				"down": {"uv": [4, 11, 12, 12], "texture": "#3"}
			}
		}
	],
	"groups": [0, 1,
		{
			"name": "death_icon",
			"origin": [8, 8, 8],
			"children": [2]
		},
		{
			"name": "death_icon",
			"origin": [8, 8, 8],
			"children": [3]
		},
		{
			"name": "death_icon",
			"origin": [8, 8, 8],
			"children": [4]
		},
		{
			"name": "death_icon",
			"origin": [8, 8, 8],
			"children": [5]
		}
	]
}