{
	"credit": "Made with Blockbench",
	"parent": "block/cube",
	"textures": {
		"1": "block/blindness_icon",
		"3": "block/blindness_block",
		"particle": "block/blindness_block"
	},
	"elements": [
		{
			"from": [0, 0, 0],
			"to": [16, 16, 16],
			"faces": {
				"north": {"uv": [0, 0, 16, 16], "texture": "#3"},
				"east": {"uv": [0, 0, 16, 16], "texture": "#3"},
				"south": {"uv": [0, 0, 16, 16], "texture": "#3"},
				"west": {"uv": [0, 0, 16, 16], "texture": "#3"},
				"up": {"uv": [0, 0, 16, 16], "texture": "#3"},
				"down": {"uv": [0, 0, 16, 16], "texture": "#3"}
			}
		},
		{
			"name": "blindness_icon_0",
			"from": [3, 5, 16],
			"to": [5, 13, 17],
			"faces": {
				"north": {"uv": [3, 11, 5, 3], "rotation": 180, "texture": "#1"},
				"east": {"uv": [4, 3, 5, 11], "texture": "#1"},
				"south": {"uv": [3, 3, 5, 11], "texture": "#1"},
				"west": {"uv": [3, 3, 4, 11], "texture": "#1"},
				"up": {"uv": [5, 3, 3, 4], "rotation": 180, "texture": "#1"},
				"down": {"uv": [3, 10, 5, 11], "texture": "#1"}
			}
		},
		{
			"name": "blindness_icon_1",
			"from": [6, 3, 16],
			"to": [10, 13, 17],
			"faces": {
				"north": {"uv": [6, 13, 10, 3], "rotation": 180, "texture": "#1"},
				"east": {"uv": [9, 3, 10, 13], "texture": "#1"},
				"south": {"uv": [6, 3, 10, 13], "texture": "#1"},
				"west": {"uv": [6, 3, 7, 13], "texture": "#1"},
				"up": {"uv": [10, 3, 6, 4], "rotation": 180, "texture": "#1"},
				"down": {"uv": [6, 12, 10, 13], "texture": "#1"}
			}
		},
		{
			"name": "blindness_icon_2",
			"from": [5, 4, 16],
			"to": [6, 12, 17],
			"faces": {
				"north": {"uv": [5, 12, 6, 4], "rotation": 180, "texture": "#1"},
				"east": {"uv": [5, 4, 6, 12], "texture": "#1"},
				"south": {"uv": [5, 4, 6, 12], "texture": "#1"},
				"west": {"uv": [5, 4, 6, 12], "texture": "#1"},
				"up": {"uv": [6, 4, 5, 5], "rotation": 180, "texture": "#1"},
				"down": {"uv": [5, 11, 6, 12], "texture": "#1"}
			}
		},
		{
			"name": "blindness_icon_3",
			"from": [10, 4, 16],
			"to": [12, 12, 17],
			"faces": {
				"north": {"uv": [10, 12, 12, 4], "rotation": 180, "texture": "#1"},
				"east": {"uv": [11, 4, 12, 12], "texture": "#1"},
				"south": {"uv": [10, 4, 12, 12], "texture": "#1"},
				"west": {"uv": [10, 4, 11, 12], "texture": "#1"},
				"up": {"uv": [12, 4, 10, 5], "rotation": 180, "texture": "#1"},
				"down": {"uv": [10, 11, 12, 12], "texture": "#1"}
			}
		},
		{
			"name": "blindness_icon_4",
			"from": [12, 3, 16],
			"to": [13, 11, 17],
			"faces": {
				"north": {"uv": [12, 13, 13, 5], "rotation": 180, "texture": "#1"},
				"east": {"uv": [12, 5, 13, 13], "texture": "#1"},
				"south": {"uv": [12, 5, 13, 13], "texture": "#1"},
				"west": {"uv": [12, 5, 13, 13], "texture": "#1"},
				"up": {"uv": [13, 5, 12, 6], "rotation": 180, "texture": "#1"},
				"down": {"uv": [12, 12, 13, 13], "texture": "#1"}
			}
		},
		{
			"name": "blindness_icon_5",
			"from": [2, 6, 16],
			"to": [3, 10, 17],
			"faces": {
				"north": {"uv": [2, 10, 3, 6], "rotation": 180, "texture": "#1"},
				"east": {"uv": [2, 6, 3, 10], "texture": "#1"},
				"south": {"uv": [2, 6, 3, 10], "texture": "#1"},
				"west": {"uv": [2, 6, 3, 10], "texture": "#1"},
				"up": {"uv": [3, 6, 2, 7], "rotation": 180, "texture": "#1"},
				"down": {"uv": [2, 9, 3, 10], "texture": "#1"}
			}
		},
		{
			"name": "blindness_icon_6",
			"from": [13, 6, 16],
			"to": [14, 10, 17],
			"faces": {
				"north": {"uv": [13, 10, 14, 6], "rotation": 180, "texture": "#1"},
				"east": {"uv": [13, 6, 14, 10], "texture": "#1"},
				"south": {"uv": [13, 6, 14, 10], "texture": "#1"},
				"west": {"uv": [13, 6, 14, 10], "texture": "#1"},
				"up": {"uv": [14, 6, 13, 7], "rotation": 180, "texture": "#1"},
				"down": {"uv": [13, 9, 14, 10], "texture": "#1"}
			}
		},
		{
			"name": "blindness_icon_7",
			"from": [1, 7, 16],
			"to": [2, 9, 17],
			"faces": {
				"north": {"uv": [1, 9, 2, 7], "rotation": 180, "texture": "#1"},
				"east": {"uv": [1, 7, 2, 9], "texture": "#1"},
				"south": {"uv": [1, 7, 2, 9], "texture": "#1"},
				"west": {"uv": [1, 7, 2, 9], "texture": "#1"},
				"up": {"uv": [2, 7, 1, 8], "rotation": 180, "texture": "#1"},
				"down": {"uv": [1, 8, 2, 9], "texture": "#1"}
			}
		},
		{
			"name": "blindness_icon_8",
			"from": [14, 7, 16],
			"to": [15, 9, 17],
			"faces": {
				"north": {"uv": [14, 9, 15, 7], "rotation": 180, "texture": "#1"},
				"east": {"uv": [14, 7, 15, 9], "texture": "#1"},
				"south": {"uv": [14, 7, 15, 9], "texture": "#1"},
				"west": {"uv": [14, 7, 15, 9], "texture": "#1"},
				"up": {"uv": [15, 7, 14, 8], "rotation": 180, "texture": "#1"},
				"down": {"uv": [14, 8, 15, 9], "texture": "#1"}
			}
		},
		{
			"name": "blindness_icon_9",
			"from": [4, 4, 16],
			"to": [5, 5, 17],
			"faces": {
				"north": {"uv": [4, 12, 5, 11], "rotation": 180, "texture": "#1"},
				"east": {"uv": [4, 11, 5, 12], "texture": "#1"},
				"south": {"uv": [4, 11, 5, 12], "texture": "#1"},
				"west": {"uv": [4, 11, 5, 12], "texture": "#1"},
				"up": {"uv": [5, 11, 4, 12], "rotation": 180, "texture": "#1"},
				"down": {"uv": [4, 11, 5, 12], "texture": "#1"}
			}
		},
		{
			"name": "blindness_icon_10",
			"from": [11, 3, 16],
			"to": [12, 4, 17],
			"faces": {
				"north": {"uv": [11, 13, 12, 12], "rotation": 180, "texture": "#1"},
				"east": {"uv": [11, 12, 12, 13], "texture": "#1"},
				"south": {"uv": [11, 12, 12, 13], "texture": "#1"},
				"west": {"uv": [11, 12, 12, 13], "texture": "#1"},
				"up": {"uv": [12, 12, 11, 13], "rotation": 180, "texture": "#1"},
				"down": {"uv": [11, 12, 12, 13], "texture": "#1"}
			}
		},
		{
			"name": "blindness_icon_1",
			"from": [16, 5, 11],
			"to": [17, 13, 13],
			"faces": {
				"north": {"uv": [4, 3, 5, 11], "texture": "#1"},
				"east": {"uv": [3, 3, 5, 11], "texture": "#1"},
				"south": {"uv": [3, 3, 4, 11], "texture": "#1"},
				"west": {"uv": [3, 11, 5, 3], "rotation": 180, "texture": "#1"},
				"up": {"uv": [5, 3, 3, 4], "rotation": 90, "texture": "#1"},
				"down": {"uv": [3, 10, 5, 11], "rotation": 90, "texture": "#1"}
			}
		},
		{
			"name": "blindness_icon_2",
			"from": [16, 3, 6],
			"to": [17, 13, 10],
			"faces": {
				"north": {"uv": [9, 3, 10, 13], "texture": "#1"},
				"east": {"uv": [6, 3, 10, 13], "texture": "#1"},
				"south": {"uv": [6, 3, 7, 13], "texture": "#1"},
				"west": {"uv": [6, 13, 10, 3], "rotation": 180, "texture": "#1"},
				"up": {"uv": [10, 3, 6, 4], "rotation": 90, "texture": "#1"},
				"down": {"uv": [6, 12, 10, 13], "rotation": 90, "texture": "#1"}
			}
		},
		{
			"name": "blindness_icon_3",
			"from": [16, 4, 10],
			"to": [17, 12, 11],
			"faces": {
				"north": {"uv": [5, 4, 6, 12], "texture": "#1"},
				"east": {"uv": [5, 4, 6, 12], "texture": "#1"},
				"south": {"uv": [5, 4, 6, 12], "texture": "#1"},
				"west": {"uv": [5, 12, 6, 4], "rotation": 180, "texture": "#1"},
				"up": {"uv": [6, 4, 5, 5], "rotation": 90, "texture": "#1"},
				"down": {"uv": [5, 11, 6, 12], "rotation": 90, "texture": "#1"}
			}
		},
		{
			"name": "blindness_icon_4",
			"from": [16, 4, 4],
			"to": [17, 12, 6],
			"faces": {
				"north": {"uv": [11, 4, 12, 12], "texture": "#1"},
				"east": {"uv": [10, 4, 12, 12], "texture": "#1"},
				"south": {"uv": [10, 4, 11, 12], "texture": "#1"},
				"west": {"uv": [10, 12, 12, 4], "rotation": 180, "texture": "#1"},
				"up": {"uv": [12, 4, 10, 5], "rotation": 90, "texture": "#1"},
				"down": {"uv": [10, 11, 12, 12], "rotation": 90, "texture": "#1"}
			}
		},
		{
			"name": "blindness_icon_5",
			"from": [16, 3, 3],
			"to": [17, 11, 4],
			"faces": {
				"north": {"uv": [12, 5, 13, 13], "texture": "#1"},
				"east": {"uv": [12, 5, 13, 13], "texture": "#1"},
				"south": {"uv": [12, 5, 13, 13], "texture": "#1"},
				"west": {"uv": [12, 13, 13, 5], "rotation": 180, "texture": "#1"},
				"up": {"uv": [13, 5, 12, 6], "rotation": 90, "texture": "#1"},
				"down": {"uv": [12, 12, 13, 13], "rotation": 90, "texture": "#1"}
			}
		},
		{
			"name": "blindness_icon_6",
			"from": [16, 6, 13],
			"to": [17, 10, 14],
			"faces": {
				"north": {"uv": [2, 6, 3, 10], "texture": "#1"},
				"east": {"uv": [2, 6, 3, 10], "texture": "#1"},
				"south": {"uv": [2, 6, 3, 10], "texture": "#1"},
				"west": {"uv": [2, 10, 3, 6], "rotation": 180, "texture": "#1"},
				"up": {"uv": [3, 6, 2, 7], "rotation": 90, "texture": "#1"},
				"down": {"uv": [2, 9, 3, 10], "rotation": 90, "texture": "#1"}
			}
		},
		{
			"name": "blindness_icon_7",
			"from": [16, 6, 2],
			"to": [17, 10, 3],
			"faces": {
				"north": {"uv": [13, 6, 14, 10], "texture": "#1"},
				"east": {"uv": [13, 6, 14, 10], "texture": "#1"},
				"south": {"uv": [13, 6, 14, 10], "texture": "#1"},
				"west": {"uv": [13, 10, 14, 6], "rotation": 180, "texture": "#1"},
				"up": {"uv": [14, 6, 13, 7], "rotation": 90, "texture": "#1"},
				"down": {"uv": [13, 9, 14, 10], "rotation": 90, "texture": "#1"}
			}
		},
		{
			"name": "blindness_icon_8",
			"from": [16, 7, 14],
			"to": [17, 9, 15],
			"faces": {
				"north": {"uv": [1, 7, 2, 9], "texture": "#1"},
				"east": {"uv": [1, 7, 2, 9], "texture": "#1"},
				"south": {"uv": [1, 7, 2, 9], "texture": "#1"},
				"west": {"uv": [1, 9, 2, 7], "rotation": 180, "texture": "#1"},
				"up": {"uv": [2, 7, 1, 8], "rotation": 90, "texture": "#1"},
				"down": {"uv": [1, 8, 2, 9], "rotation": 90, "texture": "#1"}
			}
		},
		{
			"name": "blindness_icon_9",
			"from": [16, 7, 1],
			"to": [17, 9, 2],
			"faces": {
				"north": {"uv": [14, 7, 15, 9], "texture": "#1"},
				"east": {"uv": [14, 7, 15, 9], "texture": "#1"},
				"south": {"uv": [14, 7, 15, 9], "texture": "#1"},
				"west": {"uv": [14, 9, 15, 7], "rotation": 180, "texture": "#1"},
				"up": {"uv": [15, 7, 14, 8], "rotation": 90, "texture": "#1"},
				"down": {"uv": [14, 8, 15, 9], "rotation": 90, "texture": "#1"}
			}
		},
		{
			"name": "blindness_icon_10",
			"from": [16, 4, 11],
			"to": [17, 5, 12],
			"faces": {
				"north": {"uv": [4, 11, 5, 12], "texture": "#1"},
				"east": {"uv": [4, 11, 5, 12], "texture": "#1"},
				"south": {"uv": [4, 11, 5, 12], "texture": "#1"},
				"west": {"uv": [4, 12, 5, 11], "rotation": 180, "texture": "#1"},
				"up": {"uv": [5, 11, 4, 12], "rotation": 90, "texture": "#1"},
				"down": {"uv": [4, 11, 5, 12], "rotation": 90, "texture": "#1"}
			}
		},
		{
			"name": "blindness_icon_11",
			"from": [16, 3, 4],
			"to": [17, 4, 5],
			"faces": {
				"north": {"uv": [11, 12, 12, 13], "texture": "#1"},
				"east": {"uv": [11, 12, 12, 13], "texture": "#1"},
				"south": {"uv": [11, 12, 12, 13], "texture": "#1"},
				"west": {"uv": [11, 13, 12, 12], "rotation": 180, "texture": "#1"},
				"up": {"uv": [12, 12, 11, 13], "rotation": 90, "texture": "#1"},
				"down": {"uv": [11, 12, 12, 13], "rotation": 90, "texture": "#1"}
			}
		},
		{
			"name": "blindness_icon_2",
			"from": [11, 5, -1],
			"to": [13, 13, 0],
			"faces": {
				"north": {"uv": [3, 3, 5, 11], "texture": "#1"},
				"east": {"uv": [3, 3, 4, 11], "texture": "#1"},
				"south": {"uv": [3, 11, 5, 3], "rotation": 180, "texture": "#1"},
				"west": {"uv": [4, 3, 5, 11], "texture": "#1"},
				"up": {"uv": [5, 3, 3, 4], "texture": "#1"},
				"down": {"uv": [3, 10, 5, 11], "rotation": 180, "texture": "#1"}
			}
		},
		{
			"name": "blindness_icon_3",
			"from": [6, 3, -1],
			"to": [10, 13, 0],
			"faces": {
				"north": {"uv": [6, 3, 10, 13], "texture": "#1"},
				"east": {"uv": [6, 3, 7, 13], "texture": "#1"},
				"south": {"uv": [6, 13, 10, 3], "rotation": 180, "texture": "#1"},
				"west": {"uv": [9, 3, 10, 13], "texture": "#1"},
				"up": {"uv": [10, 3, 6, 4], "texture": "#1"},
				"down": {"uv": [6, 12, 10, 13], "rotation": 180, "texture": "#1"}
			}
		},
		{
			"name": "blindness_icon_4",
			"from": [10, 4, -1],
			"to": [11, 12, 0],
			"faces": {
				"north": {"uv": [5, 4, 6, 12], "texture": "#1"},
				"east": {"uv": [5, 4, 6, 12], "texture": "#1"},
				"south": {"uv": [5, 12, 6, 4], "rotation": 180, "texture": "#1"},
				"west": {"uv": [5, 4, 6, 12], "texture": "#1"},
				"up": {"uv": [6, 4, 5, 5], "texture": "#1"},
				"down": {"uv": [5, 11, 6, 12], "rotation": 180, "texture": "#1"}
			}
		},
		{
			"name": "blindness_icon_5",
			"from": [4, 4, -1],
			"to": [6, 12, 0],
			"faces": {
				"north": {"uv": [10, 4, 12, 12], "texture": "#1"},
				"east": {"uv": [10, 4, 11, 12], "texture": "#1"},
				"south": {"uv": [10, 12, 12, 4], "rotation": 180, "texture": "#1"},
				"west": {"uv": [11, 4, 12, 12], "texture": "#1"},
				"up": {"uv": [12, 4, 10, 5], "texture": "#1"},
				"down": {"uv": [10, 11, 12, 12], "rotation": 180, "texture": "#1"}
			}
		},
		{
			"name": "blindness_icon_6",
			"from": [3, 3, -1],
			"to": [4, 11, 0],
			"faces": {
				"north": {"uv": [12, 5, 13, 13], "texture": "#1"},
				"east": {"uv": [12, 5, 13, 13], "texture": "#1"},
				"south": {"uv": [12, 13, 13, 5], "rotation": 180, "texture": "#1"},
				"west": {"uv": [12, 5, 13, 13], "texture": "#1"},
				"up": {"uv": [13, 5, 12, 6], "texture": "#1"},
				"down": {"uv": [12, 12, 13, 13], "rotation": 180, "texture": "#1"}
			}
		},
		{
			"name": "blindness_icon_7",
			"from": [13, 6, -1],
			"to": [14, 10, 0],
			"faces": {
				"north": {"uv": [2, 6, 3, 10], "texture": "#1"},
				"east": {"uv": [2, 6, 3, 10], "texture": "#1"},
				"south": {"uv": [2, 10, 3, 6], "rotation": 180, "texture": "#1"},
				"west": {"uv": [2, 6, 3, 10], "texture": "#1"},
				"up": {"uv": [3, 6, 2, 7], "texture": "#1"},
				"down": {"uv": [2, 9, 3, 10], "rotation": 180, "texture": "#1"}
			}
		},
		{
			"name": "blindness_icon_8",
			"from": [2, 6, -1],
			"to": [3, 10, 0],
			"faces": {
				"north": {"uv": [13, 6, 14, 10], "texture": "#1"},
				"east": {"uv": [13, 6, 14, 10], "texture": "#1"},
				"south": {"uv": [13, 10, 14, 6], "rotation": 180, "texture": "#1"},
				"west": {"uv": [13, 6, 14, 10], "texture": "#1"},
				"up": {"uv": [14, 6, 13, 7], "texture": "#1"},
				"down": {"uv": [13, 9, 14, 10], "rotation": 180, "texture": "#1"}
			}
		},
		{
			"name": "blindness_icon_9",
			"from": [14, 7, -1],
			"to": [15, 9, 0],
			"faces": {
				"north": {"uv": [1, 7, 2, 9], "texture": "#1"},
				"east": {"uv": [1, 7, 2, 9], "texture": "#1"},
				"south": {"uv": [1, 9, 2, 7], "rotation": 180, "texture": "#1"},
				"west": {"uv": [1, 7, 2, 9], "texture": "#1"},
				"up": {"uv": [2, 7, 1, 8], "texture": "#1"},
				"down": {"uv": [1, 8, 2, 9], "rotation": 180, "texture": "#1"}
			}
		},
		{
			"name": "blindness_icon_10",
			"from": [1, 7, -1],
			"to": [2, 9, 0],
			"faces": {
				"north": {"uv": [14, 7, 15, 9], "texture": "#1"},
				"east": {"uv": [14, 7, 15, 9], "texture": "#1"},
				"south": {"uv": [14, 9, 15, 7], "rotation": 180, "texture": "#1"},
				"west": {"uv": [14, 7, 15, 9], "texture": "#1"},
				"up": {"uv": [15, 7, 14, 8], "texture": "#1"},
				"down": {"uv": [14, 8, 15, 9], "rotation": 180, "texture": "#1"}
			}
		},
		{
			"name": "blindness_icon_11",
			"from": [11, 4, -1],
			"to": [12, 5, 0],
			"faces": {
				"north": {"uv": [4, 11, 5, 12], "texture": "#1"},
				"east": {"uv": [4, 11, 5, 12], "texture": "#1"},
				"south": {"uv": [4, 12, 5, 11], "rotation": 180, "texture": "#1"},
				"west": {"uv": [4, 11, 5, 12], "texture": "#1"},
				"up": {"uv": [5, 11, 4, 12], "texture": "#1"},
				"down": {"uv": [4, 11, 5, 12], "rotation": 180, "texture": "#1"}
			}
		},
		{
			"name": "blindness_icon_12",
			"from": [4, 3, -1],
			"to": [5, 4, 0],
			"faces": {
				"north": {"uv": [11, 12, 12, 13], "texture": "#1"},
				"east": {"uv": [11, 12, 12, 13], "texture": "#1"},
				"south": {"uv": [11, 13, 12, 12], "rotation": 180, "texture": "#1"},
				"west": {"uv": [11, 12, 12, 13], "texture": "#1"},
				"up": {"uv": [12, 12, 11, 13], "texture": "#1"},
				"down": {"uv": [11, 12, 12, 13], "rotation": 180, "texture": "#1"}
			}
		},
		{
			"name": "blindness_icon_3",
			"from": [-1, 5, 3],
			"to": [0, 13, 5],
			"faces": {
				"north": {"uv": [3, 3, 4, 11], "texture": "#1"},
				"east": {"uv": [3, 11, 5, 3], "rotation": 180, "texture": "#1"},
				"south": {"uv": [4, 3, 5, 11], "texture": "#1"},
				"west": {"uv": [3, 3, 5, 11], "texture": "#1"},
				"up": {"uv": [5, 3, 3, 4], "rotation": 270, "texture": "#1"},
				"down": {"uv": [3, 10, 5, 11], "rotation": 270, "texture": "#1"}
			}
		},
		{
			"name": "blindness_icon_4",
			"from": [-1, 3, 6],
			"to": [0, 13, 10],
			"faces": {
				"north": {"uv": [6, 3, 7, 13], "texture": "#1"},
				"east": {"uv": [6, 13, 10, 3], "rotation": 180, "texture": "#1"},
				"south": {"uv": [9, 3, 10, 13], "texture": "#1"},
				"west": {"uv": [6, 3, 10, 13], "texture": "#1"},
				"up": {"uv": [10, 3, 6, 4], "rotation": 270, "texture": "#1"},
				"down": {"uv": [6, 12, 10, 13], "rotation": 270, "texture": "#1"}
			}
		},
		{
			"name": "blindness_icon_5",
			"from": [-1, 4, 5],
			"to": [0, 12, 6],
			"faces": {
				"north": {"uv": [5, 4, 6, 12], "texture": "#1"},
				"east": {"uv": [5, 12, 6, 4], "rotation": 180, "texture": "#1"},
				"south": {"uv": [5, 4, 6, 12], "texture": "#1"},
				"west": {"uv": [5, 4, 6, 12], "texture": "#1"},
				"up": {"uv": [6, 4, 5, 5], "rotation": 270, "texture": "#1"},
				"down": {"uv": [5, 11, 6, 12], "rotation": 270, "texture": "#1"}
			}
		},
		{
			"name": "blindness_icon_6",
			"from": [-1, 4, 10],
			"to": [0, 12, 12],
			"faces": {
				"north": {"uv": [10, 4, 11, 12], "texture": "#1"},
				"east": {"uv": [10, 12, 12, 4], "rotation": 180, "texture": "#1"},
				"south": {"uv": [11, 4, 12, 12], "texture": "#1"},
				"west": {"uv": [10, 4, 12, 12], "texture": "#1"},
				"up": {"uv": [12, 4, 10, 5], "rotation": 270, "texture": "#1"},
				"down": {"uv": [10, 11, 12, 12], "rotation": 270, "texture": "#1"}
			}
		},
		{
			"name": "blindness_icon_7",
			"from": [-1, 3, 12],
			"to": [0, 11, 13],
			"faces": {
				"north": {"uv": [12, 5, 13, 13], "texture": "#1"},
				"east": {"uv": [12, 13, 13, 5], "rotation": 180, "texture": "#1"},
				"south": {"uv": [12, 5, 13, 13], "texture": "#1"},
				"west": {"uv": [12, 5, 13, 13], "texture": "#1"},
				"up": {"uv": [13, 5, 12, 6], "rotation": 270, "texture": "#1"},
				"down": {"uv": [12, 12, 13, 13], "rotation": 270, "texture": "#1"}
			}
		},
		{
			"name": "blindness_icon_8",
			"from": [-1, 6, 2],
			"to": [0, 10, 3],
			"faces": {
				"north": {"uv": [2, 6, 3, 10], "texture": "#1"},
				"east": {"uv": [2, 10, 3, 6], "rotation": 180, "texture": "#1"},
				"south": {"uv": [2, 6, 3, 10], "texture": "#1"},
				"west": {"uv": [2, 6, 3, 10], "texture": "#1"},
				"up": {"uv": [3, 6, 2, 7], "rotation": 270, "texture": "#1"},
				"down": {"uv": [2, 9, 3, 10], "rotation": 270, "texture": "#1"}
			}
		},
		{
			"name": "blindness_icon_9",
			"from": [-1, 6, 13],
			"to": [0, 10, 14],
			"faces": {
				"north": {"uv": [13, 6, 14, 10], "texture": "#1"},
				"east": {"uv": [13, 10, 14, 6], "rotation": 180, "texture": "#1"},
				"south": {"uv": [13, 6, 14, 10], "texture": "#1"},
				"west": {"uv": [13, 6, 14, 10], "texture": "#1"},
				"up": {"uv": [14, 6, 13, 7], "rotation": 270, "texture": "#1"},
				"down": {"uv": [13, 9, 14, 10], "rotation": 270, "texture": "#1"}
			}
		},
		{
			"name": "blindness_icon_10",
			"from": [-1, 7, 1],
			"to": [0, 9, 2],
			"faces": {
				"north": {"uv": [1, 7, 2, 9], "texture": "#1"},
				"east": {"uv": [1, 9, 2, 7], "rotation": 180, "texture": "#1"},
				"south": {"uv": [1, 7, 2, 9], "texture": "#1"},
				"west": {"uv": [1, 7, 2, 9], "texture": "#1"},
				"up": {"uv": [2, 7, 1, 8], "rotation": 270, "texture": "#1"},
				"down": {"uv": [1, 8, 2, 9], "rotation": 270, "texture": "#1"}
			}
		},
		{
			"name": "blindness_icon_11",
			"from": [-1, 7, 14],
			"to": [0, 9, 15],
			"faces": {
				"north": {"uv": [14, 7, 15, 9], "texture": "#1"},
				"east": {"uv": [14, 9, 15, 7], "rotation": 180, "texture": "#1"},
				"south": {"uv": [14, 7, 15, 9], "texture": "#1"},
				"west": {"uv": [14, 7, 15, 9], "texture": "#1"},
				"up": {"uv": [15, 7, 14, 8], "rotation": 270, "texture": "#1"},
				"down": {"uv": [14, 8, 15, 9], "rotation": 270, "texture": "#1"}
			}
		},
		{
			"name": "blindness_icon_12",
			"from": [-1, 4, 4],
			"to": [0, 5, 5],
			"faces": {
				"north": {"uv": [4, 11, 5, 12], "texture": "#1"},
				"east": {"uv": [4, 12, 5, 11], "rotation": 180, "texture": "#1"},
				"south": {"uv": [4, 11, 5, 12], "texture": "#1"},
				"west": {"uv": [4, 11, 5, 12], "texture": "#1"},
				"up": {"uv": [5, 11, 4, 12], "rotation": 270, "texture": "#1"},
				"down": {"uv": [4, 11, 5, 12], "rotation": 270, "texture": "#1"}
			}
		},
		{
			"name": "blindness_icon_13",
			"from": [-1, 3, 11],
			"to": [0, 4, 12],
			"faces": {
				"north": {"uv": [11, 12, 12, 13], "texture": "#1"},
				"east": {"uv": [11, 13, 12, 12], "rotation": 180, "texture": "#1"},
				"south": {"uv": [11, 12, 12, 13], "texture": "#1"},
				"west": {"uv": [11, 12, 12, 13], "texture": "#1"},
				"up": {"uv": [12, 12, 11, 13], "rotation": 270, "texture": "#1"},
				"down": {"uv": [11, 12, 12, 13], "rotation": 270, "texture": "#1"}
			}
		}
	],
	"groups": [0,
		{
			"name": "blindness_icon",
			"origin": [8, 8, 8],
			"children": [1, 2, 3, 4, 5, 6, 7, 8, 9, 10, 11]
		},
		{
			"name": "blindness_icon",
			"origin": [8, 8, 8],
			"children": [12, 13, 14, 15, 16, 17, 18, 19, 20, 21, 22]
		},
		{
			"name": "blindness_icon",
			"origin": [8, 8, 8],
			"children": [23, 24, 25, 26, 27, 28, 29, 30, 31, 32, 33]
		},
		{
			"name": "blindness_icon",
			"origin": [8, 8, 8],
			"children": [34, 35, 36, 37, 38, 39, 40, 41, 42, 43, 44]
		}
	]
}