{
	"credit": "Made with Blockbench",
	"parent": "block/cube",
	"textures": {
		"1": "block/swiftness_icon",
		"2": "block/swiftness_bottom",
		"3": "block/swiftness_side",
		"4": "block/swiftness_top",
		"particle": "block/swiftness_side"
	},
	"elements": [
		{
			"from": [0, 0, 0],
			"to": [16, 16, 16],
			"faces": {
				"north": {"uv": [0, 0, 16, 16], "texture": "#3"},
				"east": {"uv": [0, 0, 16, 16], "texture": "#3"},
				"south": {"uv": [0, 0, 16, 16], "texture": "#3"},
				"west": {"uv": [0, 0, 16, 16], "texture": "#3"},
				"up": {"uv": [0, 0, 16, 16], "texture": "#4"},
				"down": {"uv": [0, 0, 16, 16], "texture": "#2"}
			}
		},
		{
			"name": "swiftness_icon_0",
			"from": [5, 6, 16],
			"to": [9, 15, 17],
			"faces": {
				"north": {"uv": [5, 10, 9, 1], "rotation": 180, "texture": "#1"},
				"east": {"uv": [8, 1, 9, 10], "texture": "#1"},
				"south": {"uv": [5, 1, 9, 10], "texture": "#1"},
				"west": {"uv": [5, 1, 6, 10], "texture": "#1"},
				"up": {"uv": [9, 1, 5, 2], "rotation": 180, "texture": "#1"},
				"down": {"uv": [5, 9, 9, 10], "texture": "#1"}
			}
		},
		{
			"name": "swiftness_icon_1",
			"from": [3, 11, 16],
			"to": [5, 14, 17],
			"faces": {
				"north": {"uv": [3, 5, 5, 2], "rotation": 180, "texture": "#1"},
				"east": {"uv": [4, 2, 5, 5], "texture": "#1"},
				"south": {"uv": [3, 2, 5, 5], "texture": "#1"},
				"west": {"uv": [3, 2, 4, 5], "texture": "#1"},
				"up": {"uv": [5, 2, 3, 3], "rotation": 180, "texture": "#1"},
				"down": {"uv": [3, 4, 5, 5], "texture": "#1"}
			}
		},
		{
			"name": "swiftness_icon_2",
			"from": [9, 2, 16],
			"to": [10, 14, 17],
			"faces": {
				"north": {"uv": [9, 14, 10, 2], "rotation": 180, "texture": "#1"},
				"east": {"uv": [9, 2, 10, 14], "texture": "#1"},
				"south": {"uv": [9, 2, 10, 14], "texture": "#1"},
				"west": {"uv": [9, 2, 10, 14], "texture": "#1"},
				"up": {"uv": [10, 2, 9, 3], "rotation": 180, "texture": "#1"},
				"down": {"uv": [9, 13, 10, 14], "texture": "#1"}
			}
		},
		{
			"name": "swiftness_icon_3",
			"from": [12, 3, 16],
			"to": [13, 14, 17],
			"faces": {
				"north": {"uv": [12, 13, 13, 2], "rotation": 180, "texture": "#1"},
				"east": {"uv": [12, 2, 13, 13], "texture": "#1"},
				"south": {"uv": [12, 2, 13, 13], "texture": "#1"},
				"west": {"uv": [12, 2, 13, 13], "texture": "#1"},
				"up": {"uv": [13, 2, 12, 3], "rotation": 180, "texture": "#1"},
				"down": {"uv": [12, 12, 13, 13], "texture": "#1"}
			}
		},
		{
			"name": "swiftness_icon_4",
			"from": [2, 12, 16],
			"to": [3, 13, 17],
			"faces": {
				"north": {"uv": [2, 4, 3, 3], "rotation": 180, "texture": "#1"},
				"east": {"uv": [2, 3, 3, 4], "texture": "#1"},
				"south": {"uv": [2, 3, 3, 4], "texture": "#1"},
				"west": {"uv": [2, 3, 3, 4], "texture": "#1"},
				"up": {"uv": [3, 3, 2, 4], "rotation": 180, "texture": "#1"},
				"down": {"uv": [2, 3, 3, 4], "texture": "#1"}
			}
		},
		{
			"name": "swiftness_icon_5",
			"from": [10, 2, 16],
			"to": [12, 13, 17],
			"faces": {
				"north": {"uv": [10, 14, 12, 3], "rotation": 180, "texture": "#1"},
				"east": {"uv": [11, 3, 12, 14], "texture": "#1"},
				"south": {"uv": [10, 3, 12, 14], "texture": "#1"},
				"west": {"uv": [10, 3, 11, 14], "texture": "#1"},
				"up": {"uv": [12, 3, 10, 4], "rotation": 180, "texture": "#1"},
				"down": {"uv": [10, 13, 12, 14], "texture": "#1"}
			}
		},
		{
			"name": "swiftness_icon_6",
			"from": [13, 4, 16],
			"to": [14, 13, 17],
			"faces": {
				"north": {"uv": [13, 12, 14, 3], "rotation": 180, "texture": "#1"},
				"east": {"uv": [13, 3, 14, 12], "texture": "#1"},
				"south": {"uv": [13, 3, 14, 12], "texture": "#1"},
				"west": {"uv": [13, 3, 14, 12], "texture": "#1"},
				"up": {"uv": [14, 3, 13, 4], "rotation": 180, "texture": "#1"},
				"down": {"uv": [13, 11, 14, 12], "texture": "#1"}
			}
		},
		{
			"name": "swiftness_icon_7",
			"from": [14, 5, 16],
			"to": [15, 12, 17],
			"faces": {
				"north": {"uv": [14, 11, 15, 4], "rotation": 180, "texture": "#1"},
				"east": {"uv": [14, 4, 15, 11], "texture": "#1"},
				"south": {"uv": [14, 4, 15, 11], "texture": "#1"},
				"west": {"uv": [14, 4, 15, 11], "texture": "#1"},
				"up": {"uv": [15, 4, 14, 5], "rotation": 180, "texture": "#1"},
				"down": {"uv": [14, 10, 15, 11], "texture": "#1"}
			}
		},
		{
			"name": "swiftness_icon_8",
			"from": [4, 7, 16],
			"to": [5, 11, 17],
			"faces": {
				"north": {"uv": [4, 9, 5, 5], "rotation": 180, "texture": "#1"},
				"east": {"uv": [4, 5, 5, 9], "texture": "#1"},
				"south": {"uv": [4, 5, 5, 9], "texture": "#1"},
				"west": {"uv": [4, 5, 5, 9], "texture": "#1"},
				"up": {"uv": [5, 5, 4, 6], "rotation": 180, "texture": "#1"},
				"down": {"uv": [4, 8, 5, 9], "texture": "#1"}
			}
		},
		{
			"name": "swiftness_icon_9",
			"from": [2, 7, 16],
			"to": [4, 10, 17],
			"faces": {
				"north": {"uv": [2, 9, 4, 6], "rotation": 180, "texture": "#1"},
				"east": {"uv": [3, 6, 4, 9], "texture": "#1"},
				"south": {"uv": [2, 6, 4, 9], "texture": "#1"},
				"west": {"uv": [2, 6, 3, 9], "texture": "#1"},
				"up": {"uv": [4, 6, 2, 7], "rotation": 180, "texture": "#1"},
				"down": {"uv": [2, 8, 4, 9], "texture": "#1"}
			}
		},
		{
			"name": "swiftness_icon_10",
			"from": [1, 8, 16],
			"to": [2, 9, 17],
			"faces": {
				"north": {"uv": [1, 8, 2, 7], "rotation": 180, "texture": "#1"},
				"east": {"uv": [1, 7, 2, 8], "texture": "#1"},
				"south": {"uv": [1, 7, 2, 8], "texture": "#1"},
				"west": {"uv": [1, 7, 2, 8], "texture": "#1"},
				"up": {"uv": [2, 7, 1, 8], "rotation": 180, "texture": "#1"},
				"down": {"uv": [1, 7, 2, 8], "texture": "#1"}
			}
		},
		{
			"name": "swiftness_icon_11",
			"from": [6, 1, 16],
			"to": [9, 6, 17],
			"faces": {
				"north": {"uv": [6, 15, 9, 10], "rotation": 180, "texture": "#1"},
				"east": {"uv": [8, 10, 9, 15], "texture": "#1"},
				"south": {"uv": [6, 10, 9, 15], "texture": "#1"},
				"west": {"uv": [6, 10, 7, 15], "texture": "#1"},
				"up": {"uv": [9, 10, 6, 11], "rotation": 180, "texture": "#1"},
				"down": {"uv": [6, 14, 9, 15], "texture": "#1"}
			}
		},
		{
			"name": "swiftness_icon_12",
			"from": [2, 2, 16],
			"to": [6, 5, 17],
			"faces": {
				"north": {"uv": [2, 14, 6, 11], "rotation": 180, "texture": "#1"},
				"east": {"uv": [5, 11, 6, 14], "texture": "#1"},
				"south": {"uv": [2, 11, 6, 14], "texture": "#1"},
				"west": {"uv": [2, 11, 3, 14], "texture": "#1"},
				"up": {"uv": [6, 11, 2, 12], "rotation": 180, "texture": "#1"},
				"down": {"uv": [2, 13, 6, 14], "texture": "#1"}
			}
		},
		{
			"name": "swiftness_icon_13",
			"from": [1, 2, 16],
			"to": [2, 4, 17],
			"faces": {
				"north": {"uv": [1, 14, 2, 12], "rotation": 180, "texture": "#1"},
				"east": {"uv": [1, 12, 2, 14], "texture": "#1"},
				"south": {"uv": [1, 12, 2, 14], "texture": "#1"},
				"west": {"uv": [1, 12, 2, 14], "texture": "#1"},
				"up": {"uv": [2, 12, 1, 13], "rotation": 180, "texture": "#1"},
				"down": {"uv": [1, 13, 2, 14], "texture": "#1"}
			}
		},
		{
			"name": "swiftness_icon_14",
			"from": [3, 1, 16],
			"to": [6, 2, 17],
			"faces": {
				"north": {"uv": [3, 15, 6, 14], "rotation": 180, "texture": "#1"},
				"east": {"uv": [5, 14, 6, 15], "texture": "#1"},
				"south": {"uv": [3, 14, 6, 15], "texture": "#1"},
				"west": {"uv": [3, 14, 4, 15], "texture": "#1"},
				"up": {"uv": [6, 14, 3, 15], "rotation": 180, "texture": "#1"},
				"down": {"uv": [3, 14, 6, 15], "texture": "#1"}
			}
		},
		{
			"name": "swiftness_icon_1",
			"from": [16, 6, 7],
			"to": [17, 15, 11],
			"faces": {
				"north": {"uv": [8, 1, 9, 10], "texture": "#1"},
				"east": {"uv": [5, 1, 9, 10], "texture": "#1"},
				"south": {"uv": [5, 1, 6, 10], "texture": "#1"},
				"west": {"uv": [5, 10, 9, 1], "rotation": 180, "texture": "#1"},
				"up": {"uv": [9, 1, 5, 2], "rotation": 90, "texture": "#1"},
				"down": {"uv": [5, 9, 9, 10], "rotation": 90, "texture": "#1"}
			}
		},
		{
			"name": "swiftness_icon_2",
			"from": [16, 11, 11],
			"to": [17, 14, 13],
			"faces": {
				"north": {"uv": [4, 2, 5, 5], "texture": "#1"},
				"east": {"uv": [3, 2, 5, 5], "texture": "#1"},
				"south": {"uv": [3, 2, 4, 5], "texture": "#1"},
				"west": {"uv": [3, 5, 5, 2], "rotation": 180, "texture": "#1"},
				"up": {"uv": [5, 2, 3, 3], "rotation": 90, "texture": "#1"},
				"down": {"uv": [3, 4, 5, 5], "rotation": 90, "texture": "#1"}
			}
		},
		{
			"name": "swiftness_icon_3",
			"from": [16, 2, 6],
			"to": [17, 14, 7],
			"faces": {
				"north": {"uv": [9, 2, 10, 14], "texture": "#1"},
				"east": {"uv": [9, 2, 10, 14], "texture": "#1"},
				"south": {"uv": [9, 2, 10, 14], "texture": "#1"},
				"west": {"uv": [9, 14, 10, 2], "rotation": 180, "texture": "#1"},
				"up": {"uv": [10, 2, 9, 3], "rotation": 90, "texture": "#1"},
				"down": {"uv": [9, 13, 10, 14], "rotation": 90, "texture": "#1"}
			}
		},
		{
			"name": "swiftness_icon_4",
			"from": [16, 3, 3],
			"to": [17, 14, 4],
			"faces": {
				"north": {"uv": [12, 2, 13, 13], "texture": "#1"},
				"east": {"uv": [12, 2, 13, 13], "texture": "#1"},
				"south": {"uv": [12, 2, 13, 13], "texture": "#1"},
				"west": {"uv": [12, 13, 13, 2], "rotation": 180, "texture": "#1"},
				"up": {"uv": [13, 2, 12, 3], "rotation": 90, "texture": "#1"},
				"down": {"uv": [12, 12, 13, 13], "rotation": 90, "texture": "#1"}
			}
		},
		{
			"name": "swiftness_icon_5",
			"from": [16, 12, 13],
			"to": [17, 13, 14],
			"faces": {
				"north": {"uv": [2, 3, 3, 4], "texture": "#1"},
				"east": {"uv": [2, 3, 3, 4], "texture": "#1"},
				"south": {"uv": [2, 3, 3, 4], "texture": "#1"},
				"west": {"uv": [2, 4, 3, 3], "rotation": 180, "texture": "#1"},
				"up": {"uv": [3, 3, 2, 4], "rotation": 90, "texture": "#1"},
				"down": {"uv": [2, 3, 3, 4], "rotation": 90, "texture": "#1"}
			}
		},
		{
			"name": "swiftness_icon_6",
			"from": [16, 2, 4],
			"to": [17, 13, 6],
			"faces": {
				"north": {"uv": [11, 3, 12, 14], "texture": "#1"},
				"east": {"uv": [10, 3, 12, 14], "texture": "#1"},
				"south": {"uv": [10, 3, 11, 14], "texture": "#1"},
				"west": {"uv": [10, 14, 12, 3], "rotation": 180, "texture": "#1"},
				"up": {"uv": [12, 3, 10, 4], "rotation": 90, "texture": "#1"},
				"down": {"uv": [10, 13, 12, 14], "rotation": 90, "texture": "#1"}
			}
		},
		{
			"name": "swiftness_icon_7",
			"from": [16, 4, 2],
			"to": [17, 13, 3],
			"faces": {
				"north": {"uv": [13, 3, 14, 12], "texture": "#1"},
				"east": {"uv": [13, 3, 14, 12], "texture": "#1"},
				"south": {"uv": [13, 3, 14, 12], "texture": "#1"},
				"west": {"uv": [13, 12, 14, 3], "rotation": 180, "texture": "#1"},
				"up": {"uv": [14, 3, 13, 4], "rotation": 90, "texture": "#1"},
				"down": {"uv": [13, 11, 14, 12], "rotation": 90, "texture": "#1"}
			}
		},
		{
			"name": "swiftness_icon_8",
			"from": [16, 5, 1],
			"to": [17, 12, 2],
			"faces": {
				"north": {"uv": [14, 4, 15, 11], "texture": "#1"},
				"east": {"uv": [14, 4, 15, 11], "texture": "#1"},
				"south": {"uv": [14, 4, 15, 11], "texture": "#1"},
				"west": {"uv": [14, 11, 15, 4], "rotation": 180, "texture": "#1"},
				"up": {"uv": [15, 4, 14, 5], "rotation": 90, "texture": "#1"},
				"down": {"uv": [14, 10, 15, 11], "rotation": 90, "texture": "#1"}
			}
		},
		{
			"name": "swiftness_icon_9",
			"from": [16, 7, 11],
			"to": [17, 11, 12],
			"faces": {
				"north": {"uv": [4, 5, 5, 9], "texture": "#1"},
				"east": {"uv": [4, 5, 5, 9], "texture": "#1"},
				"south": {"uv": [4, 5, 5, 9], "texture": "#1"},
				"west": {"uv": [4, 9, 5, 5], "rotation": 180, "texture": "#1"},
				"up": {"uv": [5, 5, 4, 6], "rotation": 90, "texture": "#1"},
				"down": {"uv": [4, 8, 5, 9], "rotation": 90, "texture": "#1"}
			}
		},
		{
			"name": "swiftness_icon_10",
			"from": [16, 7, 12],
			"to": [17, 10, 14],
			"faces": {
				"north": {"uv": [3, 6, 4, 9], "texture": "#1"},
				"east": {"uv": [2, 6, 4, 9], "texture": "#1"},
				"south": {"uv": [2, 6, 3, 9], "texture": "#1"},
				"west": {"uv": [2, 9, 4, 6], "rotation": 180, "texture": "#1"},
				"up": {"uv": [4, 6, 2, 7], "rotation": 90, "texture": "#1"},
				"down": {"uv": [2, 8, 4, 9], "rotation": 90, "texture": "#1"}
			}
		},
		{
			"name": "swiftness_icon_11",
			"from": [16, 8, 14],
			"to": [17, 9, 15],
			"faces": {
				"north": {"uv": [1, 7, 2, 8], "texture": "#1"},
				"east": {"uv": [1, 7, 2, 8], "texture": "#1"},
				"south": {"uv": [1, 7, 2, 8], "texture": "#1"},
				"west": {"uv": [1, 8, 2, 7], "rotation": 180, "texture": "#1"},
				"up": {"uv": [2, 7, 1, 8], "rotation": 90, "texture": "#1"},
				"down": {"uv": [1, 7, 2, 8], "rotation": 90, "texture": "#1"}
			}
		},
		{
			"name": "swiftness_icon_12",
			"from": [16, 1, 7],
			"to": [17, 6, 10],
			"faces": {
				"north": {"uv": [8, 10, 9, 15], "texture": "#1"},
				"east": {"uv": [6, 10, 9, 15], "texture": "#1"},
				"south": {"uv": [6, 10, 7, 15], "texture": "#1"},
				"west": {"uv": [6, 15, 9, 10], "rotation": 180, "texture": "#1"},
				"up": {"uv": [9, 10, 6, 11], "rotation": 90, "texture": "#1"},
				"down": {"uv": [6, 14, 9, 15], "rotation": 90, "texture": "#1"}
			}
		},
		{
			"name": "swiftness_icon_13",
			"from": [16, 2, 10],
			"to": [17, 5, 14],
			"faces": {
				"north": {"uv": [5, 11, 6, 14], "texture": "#1"},
				"east": {"uv": [2, 11, 6, 14], "texture": "#1"},
				"south": {"uv": [2, 11, 3, 14], "texture": "#1"},
				"west": {"uv": [2, 14, 6, 11], "rotation": 180, "texture": "#1"},
				"up": {"uv": [6, 11, 2, 12], "rotation": 90, "texture": "#1"},
				"down": {"uv": [2, 13, 6, 14], "rotation": 90, "texture": "#1"}
			}
		},
		{
			"name": "swiftness_icon_14",
			"from": [16, 2, 14],
			"to": [17, 4, 15],
			"faces": {
				"north": {"uv": [1, 12, 2, 14], "texture": "#1"},
				"east": {"uv": [1, 12, 2, 14], "texture": "#1"},
				"south": {"uv": [1, 12, 2, 14], "texture": "#1"},
				"west": {"uv": [1, 14, 2, 12], "rotation": 180, "texture": "#1"},
				"up": {"uv": [2, 12, 1, 13], "rotation": 90, "texture": "#1"},
				"down": {"uv": [1, 13, 2, 14], "rotation": 90, "texture": "#1"}
			}
		},
		{
			"name": "swiftness_icon_15",
			"from": [16, 1, 10],
			"to": [17, 2, 13],
			"faces": {
				"north": {"uv": [5, 14, 6, 15], "texture": "#1"},
				"east": {"uv": [3, 14, 6, 15], "texture": "#1"},
				"south": {"uv": [3, 14, 4, 15], "texture": "#1"},
				"west": {"uv": [3, 15, 6, 14], "rotation": 180, "texture": "#1"},
				"up": {"uv": [6, 14, 3, 15], "rotation": 90, "texture": "#1"},
				"down": {"uv": [3, 14, 6, 15], "rotation": 90, "texture": "#1"}
			}
		},
		{
			"name": "swiftness_icon_2",
			"from": [7, 6, -1],
			"to": [11, 15, 0],
			"faces": {
				"north": {"uv": [5, 1, 9, 10], "texture": "#1"},
				"east": {"uv": [5, 1, 6, 10], "texture": "#1"},
				"south": {"uv": [5, 10, 9, 1], "rotation": 180, "texture": "#1"},
				"west": {"uv": [8, 1, 9, 10], "texture": "#1"},
				"up": {"uv": [9, 1, 5, 2], "texture": "#1"},
				"down": {"uv": [5, 9, 9, 10], "rotation": 180, "texture": "#1"}
			}
		},
		{
			"name": "swiftness_icon_3",
			"from": [11, 11, -1],
			"to": [13, 14, 0],
			"faces": {
				"north": {"uv": [3, 2, 5, 5], "texture": "#1"},
				"east": {"uv": [3, 2, 4, 5], "texture": "#1"},
				"south": {"uv": [3, 5, 5, 2], "rotation": 180, "texture": "#1"},
				"west": {"uv": [4, 2, 5, 5], "texture": "#1"},
				"up": {"uv": [5, 2, 3, 3], "texture": "#1"},
				"down": {"uv": [3, 4, 5, 5], "rotation": 180, "texture": "#1"}
			}
		},
		{
			"name": "swiftness_icon_4",
			"from": [6, 2, -1],
			"to": [7, 14, 0],
			"faces": {
				"north": {"uv": [9, 2, 10, 14], "texture": "#1"},
				"east": {"uv": [9, 2, 10, 14], "texture": "#1"},
				"south": {"uv": [9, 14, 10, 2], "rotation": 180, "texture": "#1"},
				"west": {"uv": [9, 2, 10, 14], "texture": "#1"},
				"up": {"uv": [10, 2, 9, 3], "texture": "#1"},
				"down": {"uv": [9, 13, 10, 14], "rotation": 180, "texture": "#1"}
			}
		},
		{
			"name": "swiftness_icon_5",
			"from": [3, 3, -1],
			"to": [4, 14, 0],
			"faces": {
				"north": {"uv": [12, 2, 13, 13], "texture": "#1"},
				"east": {"uv": [12, 2, 13, 13], "texture": "#1"},
				"south": {"uv": [12, 13, 13, 2], "rotation": 180, "texture": "#1"},
				"west": {"uv": [12, 2, 13, 13], "texture": "#1"},
				"up": {"uv": [13, 2, 12, 3], "texture": "#1"},
				"down": {"uv": [12, 12, 13, 13], "rotation": 180, "texture": "#1"}
			}
		},
		{
			"name": "swiftness_icon_6",
			"from": [13, 12, -1],
			"to": [14, 13, 0],
			"faces": {
				"north": {"uv": [2, 3, 3, 4], "texture": "#1"},
				"east": {"uv": [2, 3, 3, 4], "texture": "#1"},
				"south": {"uv": [2, 4, 3, 3], "rotation": 180, "texture": "#1"},
				"west": {"uv": [2, 3, 3, 4], "texture": "#1"},
				"up": {"uv": [3, 3, 2, 4], "texture": "#1"},
				"down": {"uv": [2, 3, 3, 4], "rotation": 180, "texture": "#1"}
			}
		},
		{
			"name": "swiftness_icon_7",
			"from": [4, 2, -1],
			"to": [6, 13, 0],
			"faces": {
				"north": {"uv": [10, 3, 12, 14], "texture": "#1"},
				"east": {"uv": [10, 3, 11, 14], "texture": "#1"},
				"south": {"uv": [10, 14, 12, 3], "rotation": 180, "texture": "#1"},
				"west": {"uv": [11, 3, 12, 14], "texture": "#1"},
				"up": {"uv": [12, 3, 10, 4], "texture": "#1"},
				"down": {"uv": [10, 13, 12, 14], "rotation": 180, "texture": "#1"}
			}
		},
		{
			"name": "swiftness_icon_8",
			"from": [2, 4, -1],
			"to": [3, 13, 0],
			"faces": {
				"north": {"uv": [13, 3, 14, 12], "texture": "#1"},
				"east": {"uv": [13, 3, 14, 12], "texture": "#1"},
				"south": {"uv": [13, 12, 14, 3], "rotation": 180, "texture": "#1"},
				"west": {"uv": [13, 3, 14, 12], "texture": "#1"},
				"up": {"uv": [14, 3, 13, 4], "texture": "#1"},
				"down": {"uv": [13, 11, 14, 12], "rotation": 180, "texture": "#1"}
			}
		},
		{
			"name": "swiftness_icon_9",
			"from": [1, 5, -1],
			"to": [2, 12, 0],
			"faces": {
				"north": {"uv": [14, 4, 15, 11], "texture": "#1"},
				"east": {"uv": [14, 4, 15, 11], "texture": "#1"},
				"south": {"uv": [14, 11, 15, 4], "rotation": 180, "texture": "#1"},
				"west": {"uv": [14, 4, 15, 11], "texture": "#1"},
				"up": {"uv": [15, 4, 14, 5], "texture": "#1"},
				"down": {"uv": [14, 10, 15, 11], "rotation": 180, "texture": "#1"}
			}
		},
		{
			"name": "swiftness_icon_10",
			"from": [11, 7, -1],
			"to": [12, 11, 0],
			"faces": {
				"north": {"uv": [4, 5, 5, 9], "texture": "#1"},
				"east": {"uv": [4, 5, 5, 9], "texture": "#1"},
				"south": {"uv": [4, 9, 5, 5], "rotation": 180, "texture": "#1"},
				"west": {"uv": [4, 5, 5, 9], "texture": "#1"},
				"up": {"uv": [5, 5, 4, 6], "texture": "#1"},
				"down": {"uv": [4, 8, 5, 9], "rotation": 180, "texture": "#1"}
			}
		},
		{
			"name": "swiftness_icon_11",
			"from": [12, 7, -1],
			"to": [14, 10, 0],
			"faces": {
				"north": {"uv": [2, 6, 4, 9], "texture": "#1"},
				"east": {"uv": [2, 6, 3, 9], "texture": "#1"},
				"south": {"uv": [2, 9, 4, 6], "rotation": 180, "texture": "#1"},
				"west": {"uv": [3, 6, 4, 9], "texture": "#1"},
				"up": {"uv": [4, 6, 2, 7], "texture": "#1"},
				"down": {"uv": [2, 8, 4, 9], "rotation": 180, "texture": "#1"}
			}
		},
		{
			"name": "swiftness_icon_12",
			"from": [14, 8, -1],
			"to": [15, 9, 0],
			"faces": {
				"north": {"uv": [1, 7, 2, 8], "texture": "#1"},
				"east": {"uv": [1, 7, 2, 8], "texture": "#1"},
				"south": {"uv": [1, 8, 2, 7], "rotation": 180, "texture": "#1"},
				"west": {"uv": [1, 7, 2, 8], "texture": "#1"},
				"up": {"uv": [2, 7, 1, 8], "texture": "#1"},
				"down": {"uv": [1, 7, 2, 8], "rotation": 180, "texture": "#1"}
			}
		},
		{
			"name": "swiftness_icon_13",
			"from": [7, 1, -1],
			"to": [10, 6, 0],
			"faces": {
				"north": {"uv": [6, 10, 9, 15], "texture": "#1"},
				"east": {"uv": [6, 10, 7, 15], "texture": "#1"},
				"south": {"uv": [6, 15, 9, 10], "rotation": 180, "texture": "#1"},
				"west": {"uv": [8, 10, 9, 15], "texture": "#1"},
				"up": {"uv": [9, 10, 6, 11], "texture": "#1"},
				"down": {"uv": [6, 14, 9, 15], "rotation": 180, "texture": "#1"}
			}
		},
		{
			"name": "swiftness_icon_14",
			"from": [10, 2, -1],
			"to": [14, 5, 0],
			"faces": {
				"north": {"uv": [2, 11, 6, 14], "texture": "#1"},
				"east": {"uv": [2, 11, 3, 14], "texture": "#1"},
				"south": {"uv": [2, 14, 6, 11], "rotation": 180, "texture": "#1"},
				"west": {"uv": [5, 11, 6, 14], "texture": "#1"},
				"up": {"uv": [6, 11, 2, 12], "texture": "#1"},
				"down": {"uv": [2, 13, 6, 14], "rotation": 180, "texture": "#1"}
			}
		},
		{
			"name": "swiftness_icon_15",
			"from": [14, 2, -1],
			"to": [15, 4, 0],
			"faces": {
				"north": {"uv": [1, 12, 2, 14], "texture": "#1"},
				"east": {"uv": [1, 12, 2, 14], "texture": "#1"},
				"south": {"uv": [1, 14, 2, 12], "rotation": 180, "texture": "#1"},
				"west": {"uv": [1, 12, 2, 14], "texture": "#1"},
				"up": {"uv": [2, 12, 1, 13], "texture": "#1"},
				"down": {"uv": [1, 13, 2, 14], "rotation": 180, "texture": "#1"}
			}
		},
		{
			"name": "swiftness_icon_16",
			"from": [10, 1, -1],
			"to": [13, 2, 0],
			"faces": {
				"north": {"uv": [3, 14, 6, 15], "texture": "#1"},
				"east": {"uv": [3, 14, 4, 15], "texture": "#1"},
				"south": {"uv": [3, 15, 6, 14], "rotation": 180, "texture": "#1"},
				"west": {"uv": [5, 14, 6, 15], "texture": "#1"},
				"up": {"uv": [6, 14, 3, 15], "texture": "#1"},
				"down": {"uv": [3, 14, 6, 15], "rotation": 180, "texture": "#1"}
			}
		},
		{
			"name": "swiftness_icon_3",
			"from": [-1, 6, 5],
			"to": [0, 15, 9],
			"faces": {
				"north": {"uv": [5, 1, 6, 10], "texture": "#1"},
				"east": {"uv": [5, 10, 9, 1], "rotation": 180, "texture": "#1"},
				"south": {"uv": [8, 1, 9, 10], "texture": "#1"},
				"west": {"uv": [5, 1, 9, 10], "texture": "#1"},
				"up": {"uv": [9, 1, 5, 2], "rotation": 270, "texture": "#1"},
				"down": {"uv": [5, 9, 9, 10], "rotation": 270, "texture": "#1"}
			}
		},
		{
			"name": "swiftness_icon_4",
			"from": [-1, 11, 3],
			"to": [0, 14, 5],
			"faces": {
				"north": {"uv": [3, 2, 4, 5], "texture": "#1"},
				"east": {"uv": [3, 5, 5, 2], "rotation": 180, "texture": "#1"},
				"south": {"uv": [4, 2, 5, 5], "texture": "#1"},
				"west": {"uv": [3, 2, 5, 5], "texture": "#1"},
				"up": {"uv": [5, 2, 3, 3], "rotation": 270, "texture": "#1"},
				"down": {"uv": [3, 4, 5, 5], "rotation": 270, "texture": "#1"}
			}
		},
		{
			"name": "swiftness_icon_5",
			"from": [-1, 2, 9],
			"to": [0, 14, 10],
			"faces": {
				"north": {"uv": [9, 2, 10, 14], "texture": "#1"},
				"east": {"uv": [9, 14, 10, 2], "rotation": 180, "texture": "#1"},
				"south": {"uv": [9, 2, 10, 14], "texture": "#1"},
				"west": {"uv": [9, 2, 10, 14], "texture": "#1"},
				"up": {"uv": [10, 2, 9, 3], "rotation": 270, "texture": "#1"},
				"down": {"uv": [9, 13, 10, 14], "rotation": 270, "texture": "#1"}
			}
		},
		{
			"name": "swiftness_icon_6",
			"from": [-1, 3, 12],
			"to": [0, 14, 13],
			"faces": {
				"north": {"uv": [12, 2, 13, 13], "texture": "#1"},
				"east": {"uv": [12, 13, 13, 2], "rotation": 180, "texture": "#1"},
				"south": {"uv": [12, 2, 13, 13], "texture": "#1"},
				"west": {"uv": [12, 2, 13, 13], "texture": "#1"},
				"up": {"uv": [13, 2, 12, 3], "rotation": 270, "texture": "#1"},
				"down": {"uv": [12, 12, 13, 13], "rotation": 270, "texture": "#1"}
			}
		},
		{
			"name": "swiftness_icon_7",
			"from": [-1, 12, 2],
			"to": [0, 13, 3],
			"faces": {
				"north": {"uv": [2, 3, 3, 4], "texture": "#1"},
				"east": {"uv": [2, 4, 3, 3], "rotation": 180, "texture": "#1"},
				"south": {"uv": [2, 3, 3, 4], "texture": "#1"},
				"west": {"uv": [2, 3, 3, 4], "texture": "#1"},
				"up": {"uv": [3, 3, 2, 4], "rotation": 270, "texture": "#1"},
				"down": {"uv": [2, 3, 3, 4], "rotation": 270, "texture": "#1"}
			}
		},
		{
			"name": "swiftness_icon_8",
			"from": [-1, 2, 10],
			"to": [0, 13, 12],
			"faces": {
				"north": {"uv": [10, 3, 11, 14], "texture": "#1"},
				"east": {"uv": [10, 14, 12, 3], "rotation": 180, "texture": "#1"},
				"south": {"uv": [11, 3, 12, 14], "texture": "#1"},
				"west": {"uv": [10, 3, 12, 14], "texture": "#1"},
				"up": {"uv": [12, 3, 10, 4], "rotation": 270, "texture": "#1"},
				"down": {"uv": [10, 13, 12, 14], "rotation": 270, "texture": "#1"}
			}
		},
		{
			"name": "swiftness_icon_9",
			"from": [-1, 4, 13],
			"to": [0, 13, 14],
			"faces": {
				"north": {"uv": [13, 3, 14, 12], "texture": "#1"},
				"east": {"uv": [13, 12, 14, 3], "rotation": 180, "texture": "#1"},
				"south": {"uv": [13, 3, 14, 12], "texture": "#1"},
				"west": {"uv": [13, 3, 14, 12], "texture": "#1"},
				"up": {"uv": [14, 3, 13, 4], "rotation": 270, "texture": "#1"},
				"down": {"uv": [13, 11, 14, 12], "rotation": 270, "texture": "#1"}
			}
		},
		{
			"name": "swiftness_icon_10",
			"from": [-1, 5, 14],
			"to": [0, 12, 15],
			"faces": {
				"north": {"uv": [14, 4, 15, 11], "texture": "#1"},
				"east": {"uv": [14, 11, 15, 4], "rotation": 180, "texture": "#1"},
				"south": {"uv": [14, 4, 15, 11], "texture": "#1"},
				"west": {"uv": [14, 4, 15, 11], "texture": "#1"},
				"up": {"uv": [15, 4, 14, 5], "rotation": 270, "texture": "#1"},
				"down": {"uv": [14, 10, 15, 11], "rotation": 270, "texture": "#1"}
			}
		},
		{
			"name": "swiftness_icon_11",
			"from": [-1, 7, 4],
			"to": [0, 11, 5],
			"faces": {
				"north": {"uv": [4, 5, 5, 9], "texture": "#1"},
				"east": {"uv": [4, 9, 5, 5], "rotation": 180, "texture": "#1"},
				"south": {"uv": [4, 5, 5, 9], "texture": "#1"},
				"west": {"uv": [4, 5, 5, 9], "texture": "#1"},
				"up": {"uv": [5, 5, 4, 6], "rotation": 270, "texture": "#1"},
				"down": {"uv": [4, 8, 5, 9], "rotation": 270, "texture": "#1"}
			}
		},
		{
			"name": "swiftness_icon_12",
			"from": [-1, 7, 2],
			"to": [0, 10, 4],
			"faces": {
				"north": {"uv": [2, 6, 3, 9], "texture": "#1"},
				"east": {"uv": [2, 9, 4, 6], "rotation": 180, "texture": "#1"},
				"south": {"uv": [3, 6, 4, 9], "texture": "#1"},
				"west": {"uv": [2, 6, 4, 9], "texture": "#1"},
				"up": {"uv": [4, 6, 2, 7], "rotation": 270, "texture": "#1"},
				"down": {"uv": [2, 8, 4, 9], "rotation": 270, "texture": "#1"}
			}
		},
		{
			"name": "swiftness_icon_13",
			"from": [-1, 8, 1],
			"to": [0, 9, 2],
			"faces": {
				"north": {"uv": [1, 7, 2, 8], "texture": "#1"},
				"east": {"uv": [1, 8, 2, 7], "rotation": 180, "texture": "#1"},
				"south": {"uv": [1, 7, 2, 8], "texture": "#1"},
				"west": {"uv": [1, 7, 2, 8], "texture": "#1"},
				"up": {"uv": [2, 7, 1, 8], "rotation": 270, "texture": "#1"},
				"down": {"uv": [1, 7, 2, 8], "rotation": 270, "texture": "#1"}
			}
		},
		{
			"name": "swiftness_icon_14",
			"from": [-1, 1, 6],
			"to": [0, 6, 9],
			"faces": {
				"north": {"uv": [6, 10, 7, 15], "texture": "#1"},
				"east": {"uv": [6, 15, 9, 10], "rotation": 180, "texture": "#1"},
				"south": {"uv": [8, 10, 9, 15], "texture": "#1"},
				"west": {"uv": [6, 10, 9, 15], "texture": "#1"},
				"up": {"uv": [9, 10, 6, 11], "rotation": 270, "texture": "#1"},
				"down": {"uv": [6, 14, 9, 15], "rotation": 270, "texture": "#1"}
			}
		},
		{
			"name": "swiftness_icon_15",
			"from": [-1, 2, 2],
			"to": [0, 5, 6],
			"faces": {
				"north": {"uv": [2, 11, 3, 14], "texture": "#1"},
				"east": {"uv": [2, 14, 6, 11], "rotation": 180, "texture": "#1"},
				"south": {"uv": [5, 11, 6, 14], "texture": "#1"},
				"west": {"uv": [2, 11, 6, 14], "texture": "#1"},
				"up": {"uv": [6, 11, 2, 12], "rotation": 270, "texture": "#1"},
				"down": {"uv": [2, 13, 6, 14], "rotation": 270, "texture": "#1"}
			}
		},
		{
			"name": "swiftness_icon_16",
			"from": [-1, 2, 1],
			"to": [0, 4, 2],
			"faces": {
				"north": {"uv": [1, 12, 2, 14], "texture": "#1"},
				"east": {"uv": [1, 14, 2, 12], "rotation": 180, "texture": "#1"},
				"south": {"uv": [1, 12, 2, 14], "texture": "#1"},
				"west": {"uv": [1, 12, 2, 14], "texture": "#1"},
				"up": {"uv": [2, 12, 1, 13], "rotation": 270, "texture": "#1"},
				"down": {"uv": [1, 13, 2, 14], "rotation": 270, "texture": "#1"}
			}
		},
		{
			"name": "swiftness_icon_17",
			"from": [-1, 1, 3],
			"to": [0, 2, 6],
			"faces": {
				"north": {"uv": [3, 14, 4, 15], "texture": "#1"},
				"east": {"uv": [3, 15, 6, 14], "rotation": 180, "texture": "#1"},
				"south": {"uv": [5, 14, 6, 15], "texture": "#1"},
				"west": {"uv": [3, 14, 6, 15], "texture": "#1"},
				"up": {"uv": [6, 14, 3, 15], "rotation": 270, "texture": "#1"},
				"down": {"uv": [3, 14, 6, 15], "rotation": 270, "texture": "#1"}
			}
		}
	],
	"groups": [0,
		{
			"name": "swiftness_icon",
			"origin": [8, 8, 8],
			"children": [1, 2, 3, 4, 5, 6, 7, 8, 9, 10, 11, 12, 13, 14, 15]
		},
		{
			"name": "swiftness_icon",
			"origin": [8, 8, 8],
			"children": [16, 17, 18, 19, 20, 21, 22, 23, 24, 25, 26, 27, 28, 29, 30]
		},
		{
			"name": "swiftness_icon",
			"origin": [8, 8, 8],
			"children": [31, 32, 33, 34, 35, 36, 37, 38, 39, 40, 41, 42, 43, 44, 45]
		},
		{
			"name": "swiftness_icon",
			"origin": [8, 8, 8],
			"children": [46, 47, 48, 49, 50, 51, 52, 53, 54, 55, 56, 57, 58, 59, 60]
		}
	]
}