{
	"credit": "Made with Blockbench",
	"parent": "block/cube",
	"textures": {
		"0": "block/jumpboost_block",
		"3": "block/jumpboost_icon",
		"particle": "block/jumpboost_block"
	},
	"elements": [
		{
			"from": [0, 0, 0],
			"to": [16, 16, 16],
			"faces": {
				"north": {"uv": [0, 0, 16, 16], "texture": "#0"},
				"east": {"uv": [0, 0, 16, 16], "texture": "#0"},
				"south": {"uv": [0, 0, 16, 16], "texture": "#0"},
				"west": {"uv": [0, 0, 16, 16], "texture": "#0"},
				"up": {"uv": [0, 0, 16, 16], "texture": "#0"},
				"down": {"uv": [0, 0, 16, 16], "texture": "#0"}
			}
		},
		{
			"name": "jumpboost_icon_0",
			"from": [7, 1, -1],
			"to": [9, 15, 0],
			"faces": {
				"north": {"uv": [7, 15, 9, 1], "rotation": 180, "texture": "#3"},
				"east": {"uv": [8, 1, 9, 15], "texture": "#3"},
				"south": {"uv": [7, 1, 9, 15], "texture": "#3"},
				"west": {"uv": [7, 1, 8, 15], "texture": "#3"},
				"up": {"uv": [9, 1, 7, 2], "rotation": 180, "texture": "#3"},
				"down": {"uv": [7, 14, 9, 15], "texture": "#3"}
			}
		},
		{
			"name": "jumpboost_icon_1",
			"from": [6, 1, -1],
			"to": [7, 14, 0],
			"faces": {
				"north": {"uv": [6, 15, 7, 2], "rotation": 180, "texture": "#3"},
				"east": {"uv": [6, 2, 7, 15], "texture": "#3"},
				"south": {"uv": [6, 2, 7, 15], "texture": "#3"},
				"west": {"uv": [6, 2, 7, 15], "texture": "#3"},
				"up": {"uv": [7, 2, 6, 3], "rotation": 180, "texture": "#3"},
				"down": {"uv": [6, 14, 7, 15], "texture": "#3"}
			}
		},
		{
			"name": "jumpboost_icon_2",
			"from": [9, 1, -1],
			"to": [10, 14, 0],
			"faces": {
				"north": {"uv": [9, 15, 10, 2], "rotation": 180, "texture": "#3"},
				"east": {"uv": [9, 2, 10, 15], "texture": "#3"},
				"south": {"uv": [9, 2, 10, 15], "texture": "#3"},
				"west": {"uv": [9, 2, 10, 15], "texture": "#3"},
				"up": {"uv": [10, 2, 9, 3], "rotation": 180, "texture": "#3"},
				"down": {"uv": [9, 14, 10, 15], "texture": "#3"}
			}
		},
		{
			"name": "jumpboost_icon_3",
			"from": [5, 10, -1],
			"to": [6, 13, 0],
			"faces": {
				"north": {"uv": [5, 6, 6, 3], "rotation": 180, "texture": "#3"},
				"east": {"uv": [5, 3, 6, 6], "texture": "#3"},
				"south": {"uv": [5, 3, 6, 6], "texture": "#3"},
				"west": {"uv": [5, 3, 6, 6], "texture": "#3"},
				"up": {"uv": [6, 3, 5, 4], "rotation": 180, "texture": "#3"},
				"down": {"uv": [5, 5, 6, 6], "texture": "#3"}
			}
		},
		{
			"name": "jumpboost_icon_4",
			"from": [10, 10, -1],
			"to": [11, 13, 0],
			"faces": {
				"north": {"uv": [10, 6, 11, 3], "rotation": 180, "texture": "#3"},
				"east": {"uv": [10, 3, 11, 6], "texture": "#3"},
				"south": {"uv": [10, 3, 11, 6], "texture": "#3"},
				"west": {"uv": [10, 3, 11, 6], "texture": "#3"},
				"up": {"uv": [11, 3, 10, 4], "rotation": 180, "texture": "#3"},
				"down": {"uv": [10, 5, 11, 6], "texture": "#3"}
			}
		},
		{
			"name": "jumpboost_icon_5",
			"from": [4, 10, -1],
			"to": [5, 12, 0],
			"faces": {
				"north": {"uv": [4, 6, 5, 4], "rotation": 180, "texture": "#3"},
				"east": {"uv": [4, 4, 5, 6], "texture": "#3"},
				"south": {"uv": [4, 4, 5, 6], "texture": "#3"},
				"west": {"uv": [4, 4, 5, 6], "texture": "#3"},
				"up": {"uv": [5, 4, 4, 5], "rotation": 180, "texture": "#3"},
				"down": {"uv": [4, 5, 5, 6], "texture": "#3"}
			}
		},
		{
			"name": "jumpboost_icon_6",
			"from": [11, 10, -1],
			"to": [12, 12, 0],
			"faces": {
				"north": {"uv": [11, 6, 12, 4], "rotation": 180, "texture": "#3"},
				"east": {"uv": [11, 4, 12, 6], "texture": "#3"},
				"south": {"uv": [11, 4, 12, 6], "texture": "#3"},
				"west": {"uv": [11, 4, 12, 6], "texture": "#3"},
				"up": {"uv": [12, 4, 11, 5], "rotation": 180, "texture": "#3"},
				"down": {"uv": [11, 5, 12, 6], "texture": "#3"}
			}
		},
		{
			"name": "jumpboost_icon_7",
			"from": [3, 10, -1],
			"to": [4, 11, 0],
			"faces": {
				"north": {"uv": [3, 6, 4, 5], "rotation": 180, "texture": "#3"},
				"east": {"uv": [3, 5, 4, 6], "texture": "#3"},
				"south": {"uv": [3, 5, 4, 6], "texture": "#3"},
				"west": {"uv": [3, 5, 4, 6], "texture": "#3"},
				"up": {"uv": [4, 5, 3, 6], "rotation": 180, "texture": "#3"},
				"down": {"uv": [3, 5, 4, 6], "texture": "#3"}
			}
		},
		{
			"name": "jumpboost_icon_8",
			"from": [12, 10, -1],
			"to": [13, 11, 0],
			"faces": {
				"north": {"uv": [12, 6, 13, 5], "rotation": 180, "texture": "#3"},
				"east": {"uv": [12, 5, 13, 6], "texture": "#3"},
				"south": {"uv": [12, 5, 13, 6], "texture": "#3"},
				"west": {"uv": [12, 5, 13, 6], "texture": "#3"},
				"up": {"uv": [13, 5, 12, 6], "rotation": 180, "texture": "#3"},
				"down": {"uv": [12, 5, 13, 6], "texture": "#3"}
			}
		},
		{
			"name": "jumpboost_icon_9",
			"from": [5, 4, -1],
			"to": [6, 7, 0],
			"faces": {
				"north": {"uv": [5, 12, 6, 9], "rotation": 180, "texture": "#3"},
				"east": {"uv": [5, 9, 6, 12], "texture": "#3"},
				"south": {"uv": [5, 9, 6, 12], "texture": "#3"},
				"west": {"uv": [5, 9, 6, 12], "texture": "#3"},
				"up": {"uv": [6, 9, 5, 10], "rotation": 180, "texture": "#3"},
				"down": {"uv": [5, 11, 6, 12], "texture": "#3"}
			}
		},
		{
			"name": "jumpboost_icon_10",
			"from": [10, 4, -1],
			"to": [11, 7, 0],
			"faces": {
				"north": {"uv": [10, 12, 11, 9], "rotation": 180, "texture": "#3"},
				"east": {"uv": [10, 9, 11, 12], "texture": "#3"},
				"south": {"uv": [10, 9, 11, 12], "texture": "#3"},
				"west": {"uv": [10, 9, 11, 12], "texture": "#3"},
				"up": {"uv": [11, 9, 10, 10], "rotation": 180, "texture": "#3"},
				"down": {"uv": [10, 11, 11, 12], "texture": "#3"}
			}
		},
		{
			"name": "jumpboost_icon_11",
			"from": [4, 4, -1],
			"to": [5, 6, 0],
			"faces": {
				"north": {"uv": [4, 12, 5, 10], "rotation": 180, "texture": "#3"},
				"east": {"uv": [4, 10, 5, 12], "texture": "#3"},
				"south": {"uv": [4, 10, 5, 12], "texture": "#3"},
				"west": {"uv": [4, 10, 5, 12], "texture": "#3"},
				"up": {"uv": [5, 10, 4, 11], "rotation": 180, "texture": "#3"},
				"down": {"uv": [4, 11, 5, 12], "texture": "#3"}
			}
		},
		{
			"name": "jumpboost_icon_12",
			"from": [11, 4, -1],
			"to": [12, 6, 0],
			"faces": {
				"north": {"uv": [11, 12, 12, 10], "rotation": 180, "texture": "#3"},
				"east": {"uv": [11, 10, 12, 12], "texture": "#3"},
				"south": {"uv": [11, 10, 12, 12], "texture": "#3"},
				"west": {"uv": [11, 10, 12, 12], "texture": "#3"},
				"up": {"uv": [12, 10, 11, 11], "rotation": 180, "texture": "#3"},
				"down": {"uv": [11, 11, 12, 12], "texture": "#3"}
			}
		},
		{
			"name": "jumpboost_icon_13",
			"from": [3, 4, -1],
			"to": [4, 5, 0],
			"faces": {
				"north": {"uv": [3, 12, 4, 11], "rotation": 180, "texture": "#3"},
				"east": {"uv": [3, 11, 4, 12], "texture": "#3"},
				"south": {"uv": [3, 11, 4, 12], "texture": "#3"},
				"west": {"uv": [3, 11, 4, 12], "texture": "#3"},
				"up": {"uv": [4, 11, 3, 12], "rotation": 180, "texture": "#3"},
				"down": {"uv": [3, 11, 4, 12], "texture": "#3"}
			}
		},
		{
			"name": "jumpboost_icon_14",
			"from": [12, 4, -1],
			"to": [13, 5, 0],
			"faces": {
				"north": {"uv": [12, 12, 13, 11], "rotation": 180, "texture": "#3"},
				"east": {"uv": [12, 11, 13, 12], "texture": "#3"},
				"south": {"uv": [12, 11, 13, 12], "texture": "#3"},
				"west": {"uv": [12, 11, 13, 12], "texture": "#3"},
				"up": {"uv": [13, 11, 12, 12], "rotation": 180, "texture": "#3"},
				"down": {"uv": [12, 11, 13, 12], "texture": "#3"}
			}
		},
		{
			"name": "jumpboost_icon_1",
			"from": [7, 1, 16],
			"to": [9, 15, 17],
			"faces": {
				"north": {"uv": [7, 15, 9, 1], "rotation": 180, "texture": "#3"},
				"east": {"uv": [8, 1, 9, 15], "texture": "#3"},
				"south": {"uv": [7, 1, 9, 15], "texture": "#3"},
				"west": {"uv": [7, 1, 8, 15], "texture": "#3"},
				"up": {"uv": [9, 1, 7, 2], "rotation": 180, "texture": "#3"},
				"down": {"uv": [7, 14, 9, 15], "texture": "#3"}
			}
		},
		{
			"name": "jumpboost_icon_2",
			"from": [6, 1, 16],
			"to": [7, 14, 17],
			"faces": {
				"north": {"uv": [6, 15, 7, 2], "rotation": 180, "texture": "#3"},
				"east": {"uv": [6, 2, 7, 15], "texture": "#3"},
				"south": {"uv": [6, 2, 7, 15], "texture": "#3"},
				"west": {"uv": [6, 2, 7, 15], "texture": "#3"},
				"up": {"uv": [7, 2, 6, 3], "rotation": 180, "texture": "#3"},
				"down": {"uv": [6, 14, 7, 15], "texture": "#3"}
			}
		},
		{
			"name": "jumpboost_icon_3",
			"from": [9, 1, 16],
			"to": [10, 14, 17],
			"faces": {
				"north": {"uv": [9, 15, 10, 2], "rotation": 180, "texture": "#3"},
				"east": {"uv": [9, 2, 10, 15], "texture": "#3"},
				"south": {"uv": [9, 2, 10, 15], "texture": "#3"},
				"west": {"uv": [9, 2, 10, 15], "texture": "#3"},
				"up": {"uv": [10, 2, 9, 3], "rotation": 180, "texture": "#3"},
				"down": {"uv": [9, 14, 10, 15], "texture": "#3"}
			}
		},
		{
			"name": "jumpboost_icon_4",
			"from": [5, 10, 16],
			"to": [6, 13, 17],
			"faces": {
				"north": {"uv": [5, 6, 6, 3], "rotation": 180, "texture": "#3"},
				"east": {"uv": [5, 3, 6, 6], "texture": "#3"},
				"south": {"uv": [5, 3, 6, 6], "texture": "#3"},
				"west": {"uv": [5, 3, 6, 6], "texture": "#3"},
				"up": {"uv": [6, 3, 5, 4], "rotation": 180, "texture": "#3"},
				"down": {"uv": [5, 5, 6, 6], "texture": "#3"}
			}
		},
		{
			"name": "jumpboost_icon_5",
			"from": [10, 10, 16],
			"to": [11, 13, 17],
			"faces": {
				"north": {"uv": [10, 6, 11, 3], "rotation": 180, "texture": "#3"},
				"east": {"uv": [10, 3, 11, 6], "texture": "#3"},
				"south": {"uv": [10, 3, 11, 6], "texture": "#3"},
				"west": {"uv": [10, 3, 11, 6], "texture": "#3"},
				"up": {"uv": [11, 3, 10, 4], "rotation": 180, "texture": "#3"},
				"down": {"uv": [10, 5, 11, 6], "texture": "#3"}
			}
		},
		{
			"name": "jumpboost_icon_6",
			"from": [4, 10, 16],
			"to": [5, 12, 17],
			"faces": {
				"north": {"uv": [4, 6, 5, 4], "rotation": 180, "texture": "#3"},
				"east": {"uv": [4, 4, 5, 6], "texture": "#3"},
				"south": {"uv": [4, 4, 5, 6], "texture": "#3"},
				"west": {"uv": [4, 4, 5, 6], "texture": "#3"},
				"up": {"uv": [5, 4, 4, 5], "rotation": 180, "texture": "#3"},
				"down": {"uv": [4, 5, 5, 6], "texture": "#3"}
			}
		},
		{
			"name": "jumpboost_icon_7",
			"from": [11, 10, 16],
			"to": [12, 12, 17],
			"faces": {
				"north": {"uv": [11, 6, 12, 4], "rotation": 180, "texture": "#3"},
				"east": {"uv": [11, 4, 12, 6], "texture": "#3"},
				"south": {"uv": [11, 4, 12, 6], "texture": "#3"},
				"west": {"uv": [11, 4, 12, 6], "texture": "#3"},
				"up": {"uv": [12, 4, 11, 5], "rotation": 180, "texture": "#3"},
				"down": {"uv": [11, 5, 12, 6], "texture": "#3"}
			}
		},
		{
			"name": "jumpboost_icon_8",
			"from": [3, 10, 16],
			"to": [4, 11, 17],
			"faces": {
				"north": {"uv": [3, 6, 4, 5], "rotation": 180, "texture": "#3"},
				"east": {"uv": [3, 5, 4, 6], "texture": "#3"},
				"south": {"uv": [3, 5, 4, 6], "texture": "#3"},
				"west": {"uv": [3, 5, 4, 6], "texture": "#3"},
				"up": {"uv": [4, 5, 3, 6], "rotation": 180, "texture": "#3"},
				"down": {"uv": [3, 5, 4, 6], "texture": "#3"}
			}
		},
		{
			"name": "jumpboost_icon_9",
			"from": [12, 10, 16],
			"to": [13, 11, 17],
			"faces": {
				"north": {"uv": [12, 6, 13, 5], "rotation": 180, "texture": "#3"},
				"east": {"uv": [12, 5, 13, 6], "texture": "#3"},
				"south": {"uv": [12, 5, 13, 6], "texture": "#3"},
				"west": {"uv": [12, 5, 13, 6], "texture": "#3"},
				"up": {"uv": [13, 5, 12, 6], "rotation": 180, "texture": "#3"},
				"down": {"uv": [12, 5, 13, 6], "texture": "#3"}
			}
		},
		{
			"name": "jumpboost_icon_10",
			"from": [5, 4, 16],
			"to": [6, 7, 17],
			"faces": {
				"north": {"uv": [5, 12, 6, 9], "rotation": 180, "texture": "#3"},
				"east": {"uv": [5, 9, 6, 12], "texture": "#3"},
				"south": {"uv": [5, 9, 6, 12], "texture": "#3"},
				"west": {"uv": [5, 9, 6, 12], "texture": "#3"},
				"up": {"uv": [6, 9, 5, 10], "rotation": 180, "texture": "#3"},
				"down": {"uv": [5, 11, 6, 12], "texture": "#3"}
			}
		},
		{
			"name": "jumpboost_icon_11",
			"from": [10, 4, 16],
			"to": [11, 7, 17],
			"faces": {
				"north": {"uv": [10, 12, 11, 9], "rotation": 180, "texture": "#3"},
				"east": {"uv": [10, 9, 11, 12], "texture": "#3"},
				"south": {"uv": [10, 9, 11, 12], "texture": "#3"},
				"west": {"uv": [10, 9, 11, 12], "texture": "#3"},
				"up": {"uv": [11, 9, 10, 10], "rotation": 180, "texture": "#3"},
				"down": {"uv": [10, 11, 11, 12], "texture": "#3"}
			}
		},
		{
			"name": "jumpboost_icon_12",
			"from": [4, 4, 16],
			"to": [5, 6, 17],
			"faces": {
				"north": {"uv": [4, 12, 5, 10], "rotation": 180, "texture": "#3"},
				"east": {"uv": [4, 10, 5, 12], "texture": "#3"},
				"south": {"uv": [4, 10, 5, 12], "texture": "#3"},
				"west": {"uv": [4, 10, 5, 12], "texture": "#3"},
				"up": {"uv": [5, 10, 4, 11], "rotation": 180, "texture": "#3"},
				"down": {"uv": [4, 11, 5, 12], "texture": "#3"}
			}
		},
		{
			"name": "jumpboost_icon_13",
			"from": [11, 4, 16],
			"to": [12, 6, 17],
			"faces": {
				"north": {"uv": [11, 12, 12, 10], "rotation": 180, "texture": "#3"},
				"east": {"uv": [11, 10, 12, 12], "texture": "#3"},
				"south": {"uv": [11, 10, 12, 12], "texture": "#3"},
				"west": {"uv": [11, 10, 12, 12], "texture": "#3"},
				"up": {"uv": [12, 10, 11, 11], "rotation": 180, "texture": "#3"},
				"down": {"uv": [11, 11, 12, 12], "texture": "#3"}
			}
		},
		{
			"name": "jumpboost_icon_14",
			"from": [3, 4, 16],
			"to": [4, 5, 17],
			"faces": {
				"north": {"uv": [3, 12, 4, 11], "rotation": 180, "texture": "#3"},
				"east": {"uv": [3, 11, 4, 12], "texture": "#3"},
				"south": {"uv": [3, 11, 4, 12], "texture": "#3"},
				"west": {"uv": [3, 11, 4, 12], "texture": "#3"},
				"up": {"uv": [4, 11, 3, 12], "rotation": 180, "texture": "#3"},
				"down": {"uv": [3, 11, 4, 12], "texture": "#3"}
			}
		},
		{
			"name": "jumpboost_icon_15",
			"from": [12, 4, 16],
			"to": [13, 5, 17],
			"faces": {
				"north": {"uv": [12, 12, 13, 11], "rotation": 180, "texture": "#3"},
				"east": {"uv": [12, 11, 13, 12], "texture": "#3"},
				"south": {"uv": [12, 11, 13, 12], "texture": "#3"},
				"west": {"uv": [12, 11, 13, 12], "texture": "#3"},
				"up": {"uv": [13, 11, 12, 12], "rotation": 180, "texture": "#3"},
				"down": {"uv": [12, 11, 13, 12], "texture": "#3"}
			}
		},
		{
			"name": "jumpboost_icon_1",
			"from": [-1, 1, 7],
			"to": [0, 15, 9],
			"faces": {
				"north": {"uv": [7, 1, 8, 15], "texture": "#3"},
				"east": {"uv": [7, 15, 9, 1], "rotation": 180, "texture": "#3"},
				"south": {"uv": [8, 1, 9, 15], "texture": "#3"},
				"west": {"uv": [7, 1, 9, 15], "texture": "#3"},
				"up": {"uv": [9, 1, 7, 2], "rotation": 270, "texture": "#3"},
				"down": {"uv": [7, 14, 9, 15], "rotation": 270, "texture": "#3"}
			}
		},
		{
			"name": "jumpboost_icon_2",
			"from": [-1, 1, 6],
			"to": [0, 14, 7],
			"faces": {
				"north": {"uv": [6, 2, 7, 15], "texture": "#3"},
				"east": {"uv": [6, 15, 7, 2], "rotation": 180, "texture": "#3"},
				"south": {"uv": [6, 2, 7, 15], "texture": "#3"},
				"west": {"uv": [6, 2, 7, 15], "texture": "#3"},
				"up": {"uv": [7, 2, 6, 3], "rotation": 270, "texture": "#3"},
				"down": {"uv": [6, 14, 7, 15], "rotation": 270, "texture": "#3"}
			}
		},
		{
			"name": "jumpboost_icon_3",
			"from": [-1, 1, 9],
			"to": [0, 14, 10],
			"faces": {
				"north": {"uv": [9, 2, 10, 15], "texture": "#3"},
				"east": {"uv": [9, 15, 10, 2], "rotation": 180, "texture": "#3"},
				"south": {"uv": [9, 2, 10, 15], "texture": "#3"},
				"west": {"uv": [9, 2, 10, 15], "texture": "#3"},
				"up": {"uv": [10, 2, 9, 3], "rotation": 270, "texture": "#3"},
				"down": {"uv": [9, 14, 10, 15], "rotation": 270, "texture": "#3"}
			}
		},
		{
			"name": "jumpboost_icon_4",
			"from": [-1, 10, 5],
			"to": [0, 13, 6],
			"faces": {
				"north": {"uv": [5, 3, 6, 6], "texture": "#3"},
				"east": {"uv": [5, 6, 6, 3], "rotation": 180, "texture": "#3"},
				"south": {"uv": [5, 3, 6, 6], "texture": "#3"},
				"west": {"uv": [5, 3, 6, 6], "texture": "#3"},
				"up": {"uv": [6, 3, 5, 4], "rotation": 270, "texture": "#3"},
				"down": {"uv": [5, 5, 6, 6], "rotation": 270, "texture": "#3"}
			}
		},
		{
			"name": "jumpboost_icon_5",
			"from": [-1, 10, 10],
			"to": [0, 13, 11],
			"faces": {
				"north": {"uv": [10, 3, 11, 6], "texture": "#3"},
				"east": {"uv": [10, 6, 11, 3], "rotation": 180, "texture": "#3"},
				"south": {"uv": [10, 3, 11, 6], "texture": "#3"},
				"west": {"uv": [10, 3, 11, 6], "texture": "#3"},
				"up": {"uv": [11, 3, 10, 4], "rotation": 270, "texture": "#3"},
				"down": {"uv": [10, 5, 11, 6], "rotation": 270, "texture": "#3"}
			}
		},
		{
			"name": "jumpboost_icon_6",
			"from": [-1, 10, 4],
			"to": [0, 12, 5],
			"faces": {
				"north": {"uv": [4, 4, 5, 6], "texture": "#3"},
				"east": {"uv": [4, 6, 5, 4], "rotation": 180, "texture": "#3"},
				"south": {"uv": [4, 4, 5, 6], "texture": "#3"},
				"west": {"uv": [4, 4, 5, 6], "texture": "#3"},
				"up": {"uv": [5, 4, 4, 5], "rotation": 270, "texture": "#3"},
				"down": {"uv": [4, 5, 5, 6], "rotation": 270, "texture": "#3"}
			}
		},
		{
			"name": "jumpboost_icon_7",
			"from": [-1, 10, 11],
			"to": [0, 12, 12],
			"faces": {
				"north": {"uv": [11, 4, 12, 6], "texture": "#3"},
				"east": {"uv": [11, 6, 12, 4], "rotation": 180, "texture": "#3"},
				"south": {"uv": [11, 4, 12, 6], "texture": "#3"},
				"west": {"uv": [11, 4, 12, 6], "texture": "#3"},
				"up": {"uv": [12, 4, 11, 5], "rotation": 270, "texture": "#3"},
				"down": {"uv": [11, 5, 12, 6], "rotation": 270, "texture": "#3"}
			}
		},
		{
			"name": "jumpboost_icon_8",
			"from": [-1, 10, 3],
			"to": [0, 11, 4],
			"faces": {
				"north": {"uv": [3, 5, 4, 6], "texture": "#3"},
				"east": {"uv": [3, 6, 4, 5], "rotation": 180, "texture": "#3"},
				"south": {"uv": [3, 5, 4, 6], "texture": "#3"},
				"west": {"uv": [3, 5, 4, 6], "texture": "#3"},
				"up": {"uv": [4, 5, 3, 6], "rotation": 270, "texture": "#3"},
				"down": {"uv": [3, 5, 4, 6], "rotation": 270, "texture": "#3"}
			}
		},
		{
			"name": "jumpboost_icon_9",
			"from": [-1, 10, 12],
			"to": [0, 11, 13],
			"faces": {
				"north": {"uv": [12, 5, 13, 6], "texture": "#3"},
				"east": {"uv": [12, 6, 13, 5], "rotation": 180, "texture": "#3"},
				"south": {"uv": [12, 5, 13, 6], "texture": "#3"},
				"west": {"uv": [12, 5, 13, 6], "texture": "#3"},
				"up": {"uv": [13, 5, 12, 6], "rotation": 270, "texture": "#3"},
				"down": {"uv": [12, 5, 13, 6], "rotation": 270, "texture": "#3"}
			}
		},
		{
			"name": "jumpboost_icon_10",
			"from": [-1, 4, 5],
			"to": [0, 7, 6],
			"faces": {
				"north": {"uv": [5, 9, 6, 12], "texture": "#3"},
				"east": {"uv": [5, 12, 6, 9], "rotation": 180, "texture": "#3"},
				"south": {"uv": [5, 9, 6, 12], "texture": "#3"},
				"west": {"uv": [5, 9, 6, 12], "texture": "#3"},
				"up": {"uv": [6, 9, 5, 10], "rotation": 270, "texture": "#3"},
				"down": {"uv": [5, 11, 6, 12], "rotation": 270, "texture": "#3"}
			}
		},
		{
			"name": "jumpboost_icon_11",
			"from": [-1, 4, 10],
			"to": [0, 7, 11],
			"faces": {
				"north": {"uv": [10, 9, 11, 12], "texture": "#3"},
				"east": {"uv": [10, 12, 11, 9], "rotation": 180, "texture": "#3"},
				"south": {"uv": [10, 9, 11, 12], "texture": "#3"},
				"west": {"uv": [10, 9, 11, 12], "texture": "#3"},
				"up": {"uv": [11, 9, 10, 10], "rotation": 270, "texture": "#3"},
				"down": {"uv": [10, 11, 11, 12], "rotation": 270, "texture": "#3"}
			}
		},
		{
			"name": "jumpboost_icon_12",
			"from": [-1, 4, 4],
			"to": [0, 6, 5],
			"faces": {
				"north": {"uv": [4, 10, 5, 12], "texture": "#3"},
				"east": {"uv": [4, 12, 5, 10], "rotation": 180, "texture": "#3"},
				"south": {"uv": [4, 10, 5, 12], "texture": "#3"},
				"west": {"uv": [4, 10, 5, 12], "texture": "#3"},
				"up": {"uv": [5, 10, 4, 11], "rotation": 270, "texture": "#3"},
				"down": {"uv": [4, 11, 5, 12], "rotation": 270, "texture": "#3"}
			}
		},
		{
			"name": "jumpboost_icon_13",
			"from": [-1, 4, 11],
			"to": [0, 6, 12],
			"faces": {
				"north": {"uv": [11, 10, 12, 12], "texture": "#3"},
				"east": {"uv": [11, 12, 12, 10], "rotation": 180, "texture": "#3"},
				"south": {"uv": [11, 10, 12, 12], "texture": "#3"},
				"west": {"uv": [11, 10, 12, 12], "texture": "#3"},
				"up": {"uv": [12, 10, 11, 11], "rotation": 270, "texture": "#3"},
				"down": {"uv": [11, 11, 12, 12], "rotation": 270, "texture": "#3"}
			}
		},
		{
			"name": "jumpboost_icon_14",
			"from": [-1, 4, 3],
			"to": [0, 5, 4],
			"faces": {
				"north": {"uv": [3, 11, 4, 12], "texture": "#3"},
				"east": {"uv": [3, 12, 4, 11], "rotation": 180, "texture": "#3"},
				"south": {"uv": [3, 11, 4, 12], "texture": "#3"},
				"west": {"uv": [3, 11, 4, 12], "texture": "#3"},
				"up": {"uv": [4, 11, 3, 12], "rotation": 270, "texture": "#3"},
				"down": {"uv": [3, 11, 4, 12], "rotation": 270, "texture": "#3"}
			}
		},
		{
			"name": "jumpboost_icon_15",
			"from": [-1, 4, 12],
			"to": [0, 5, 13],
			"faces": {
				"north": {"uv": [12, 11, 13, 12], "texture": "#3"},
				"east": {"uv": [12, 12, 13, 11], "rotation": 180, "texture": "#3"},
				"south": {"uv": [12, 11, 13, 12], "texture": "#3"},
				"west": {"uv": [12, 11, 13, 12], "texture": "#3"},
				"up": {"uv": [13, 11, 12, 12], "rotation": 270, "texture": "#3"},
				"down": {"uv": [12, 11, 13, 12], "rotation": 270, "texture": "#3"}
			}
		},
		{
			"name": "jumpboost_icon_2",
			"from": [16, 1, 7],
			"to": [17, 15, 9],
			"faces": {
				"north": {"uv": [7, 1, 8, 15], "texture": "#3"},
				"east": {"uv": [7, 15, 9, 1], "rotation": 180, "texture": "#3"},
				"south": {"uv": [8, 1, 9, 15], "texture": "#3"},
				"west": {"uv": [7, 1, 9, 15], "texture": "#3"},
				"up": {"uv": [9, 1, 7, 2], "rotation": 270, "texture": "#3"},
				"down": {"uv": [7, 14, 9, 15], "rotation": 270, "texture": "#3"}
			}
		},
		{
			"name": "jumpboost_icon_3",
			"from": [16, 1, 6],
			"to": [17, 14, 7],
			"faces": {
				"north": {"uv": [6, 2, 7, 15], "texture": "#3"},
				"east": {"uv": [6, 15, 7, 2], "rotation": 180, "texture": "#3"},
				"south": {"uv": [6, 2, 7, 15], "texture": "#3"},
				"west": {"uv": [6, 2, 7, 15], "texture": "#3"},
				"up": {"uv": [7, 2, 6, 3], "rotation": 270, "texture": "#3"},
				"down": {"uv": [6, 14, 7, 15], "rotation": 270, "texture": "#3"}
			}
		},
		{
			"name": "jumpboost_icon_4",
			"from": [16, 1, 9],
			"to": [17, 14, 10],
			"faces": {
				"north": {"uv": [9, 2, 10, 15], "texture": "#3"},
				"east": {"uv": [9, 15, 10, 2], "rotation": 180, "texture": "#3"},
				"south": {"uv": [9, 2, 10, 15], "texture": "#3"},
				"west": {"uv": [9, 2, 10, 15], "texture": "#3"},
				"up": {"uv": [10, 2, 9, 3], "rotation": 270, "texture": "#3"},
				"down": {"uv": [9, 14, 10, 15], "rotation": 270, "texture": "#3"}
			}
		},
		{
			"name": "jumpboost_icon_5",
			"from": [16, 10, 5],
			"to": [17, 13, 6],
			"faces": {
				"north": {"uv": [5, 3, 6, 6], "texture": "#3"},
				"east": {"uv": [5, 6, 6, 3], "rotation": 180, "texture": "#3"},
				"south": {"uv": [5, 3, 6, 6], "texture": "#3"},
				"west": {"uv": [5, 3, 6, 6], "texture": "#3"},
				"up": {"uv": [6, 3, 5, 4], "rotation": 270, "texture": "#3"},
				"down": {"uv": [5, 5, 6, 6], "rotation": 270, "texture": "#3"}
			}
		},
		{
			"name": "jumpboost_icon_6",
			"from": [16, 10, 10],
			"to": [17, 13, 11],
			"faces": {
				"north": {"uv": [10, 3, 11, 6], "texture": "#3"},
				"east": {"uv": [10, 6, 11, 3], "rotation": 180, "texture": "#3"},
				"south": {"uv": [10, 3, 11, 6], "texture": "#3"},
				"west": {"uv": [10, 3, 11, 6], "texture": "#3"},
				"up": {"uv": [11, 3, 10, 4], "rotation": 270, "texture": "#3"},
				"down": {"uv": [10, 5, 11, 6], "rotation": 270, "texture": "#3"}
			}
		},
		{
			"name": "jumpboost_icon_7",
			"from": [16, 10, 4],
			"to": [17, 12, 5],
			"faces": {
				"north": {"uv": [4, 4, 5, 6], "texture": "#3"},
				"east": {"uv": [4, 6, 5, 4], "rotation": 180, "texture": "#3"},
				"south": {"uv": [4, 4, 5, 6], "texture": "#3"},
				"west": {"uv": [4, 4, 5, 6], "texture": "#3"},
				"up": {"uv": [5, 4, 4, 5], "rotation": 270, "texture": "#3"},
				"down": {"uv": [4, 5, 5, 6], "rotation": 270, "texture": "#3"}
			}
		},
		{
			"name": "jumpboost_icon_8",
			"from": [16, 10, 11],
			"to": [17, 12, 12],
			"faces": {
				"north": {"uv": [11, 4, 12, 6], "texture": "#3"},
				"east": {"uv": [11, 6, 12, 4], "rotation": 180, "texture": "#3"},
				"south": {"uv": [11, 4, 12, 6], "texture": "#3"},
				"west": {"uv": [11, 4, 12, 6], "texture": "#3"},
				"up": {"uv": [12, 4, 11, 5], "rotation": 270, "texture": "#3"},
				"down": {"uv": [11, 5, 12, 6], "rotation": 270, "texture": "#3"}
			}
		},
		{
			"name": "jumpboost_icon_9",
			"from": [16, 10, 3],
			"to": [17, 11, 4],
			"faces": {
				"north": {"uv": [3, 5, 4, 6], "texture": "#3"},
				"east": {"uv": [3, 6, 4, 5], "rotation": 180, "texture": "#3"},
				"south": {"uv": [3, 5, 4, 6], "texture": "#3"},
				"west": {"uv": [3, 5, 4, 6], "texture": "#3"},
				"up": {"uv": [4, 5, 3, 6], "rotation": 270, "texture": "#3"},
				"down": {"uv": [3, 5, 4, 6], "rotation": 270, "texture": "#3"}
			}
		},
		{
			"name": "jumpboost_icon_10",
			"from": [16, 10, 12],
			"to": [17, 11, 13],
			"faces": {
				"north": {"uv": [12, 5, 13, 6], "texture": "#3"},
				"east": {"uv": [12, 6, 13, 5], "rotation": 180, "texture": "#3"},
				"south": {"uv": [12, 5, 13, 6], "texture": "#3"},
				"west": {"uv": [12, 5, 13, 6], "texture": "#3"},
				"up": {"uv": [13, 5, 12, 6], "rotation": 270, "texture": "#3"},
				"down": {"uv": [12, 5, 13, 6], "rotation": 270, "texture": "#3"}
			}
		},
		{
			"name": "jumpboost_icon_11",
			"from": [16, 4, 5],
			"to": [17, 7, 6],
			"faces": {
				"north": {"uv": [5, 9, 6, 12], "texture": "#3"},
				"east": {"uv": [5, 12, 6, 9], "rotation": 180, "texture": "#3"},
				"south": {"uv": [5, 9, 6, 12], "texture": "#3"},
				"west": {"uv": [5, 9, 6, 12], "texture": "#3"},
				"up": {"uv": [6, 9, 5, 10], "rotation": 270, "texture": "#3"},
				"down": {"uv": [5, 11, 6, 12], "rotation": 270, "texture": "#3"}
			}
		},
		{
			"name": "jumpboost_icon_12",
			"from": [16, 4, 10],
			"to": [17, 7, 11],
			"faces": {
				"north": {"uv": [10, 9, 11, 12], "texture": "#3"},
				"east": {"uv": [10, 12, 11, 9], "rotation": 180, "texture": "#3"},
				"south": {"uv": [10, 9, 11, 12], "texture": "#3"},
				"west": {"uv": [10, 9, 11, 12], "texture": "#3"},
				"up": {"uv": [11, 9, 10, 10], "rotation": 270, "texture": "#3"},
				"down": {"uv": [10, 11, 11, 12], "rotation": 270, "texture": "#3"}
			}
		},
		{
			"name": "jumpboost_icon_13",
			"from": [16, 4, 4],
			"to": [17, 6, 5],
			"faces": {
				"north": {"uv": [4, 10, 5, 12], "texture": "#3"},
				"east": {"uv": [4, 12, 5, 10], "rotation": 180, "texture": "#3"},
				"south": {"uv": [4, 10, 5, 12], "texture": "#3"},
				"west": {"uv": [4, 10, 5, 12], "texture": "#3"},
				"up": {"uv": [5, 10, 4, 11], "rotation": 270, "texture": "#3"},
				"down": {"uv": [4, 11, 5, 12], "rotation": 270, "texture": "#3"}
			}
		},
		{
			"name": "jumpboost_icon_14",
			"from": [16, 4, 11],
			"to": [17, 6, 12],
			"faces": {
				"north": {"uv": [11, 10, 12, 12], "texture": "#3"},
				"east": {"uv": [11, 12, 12, 10], "rotation": 180, "texture": "#3"},
				"south": {"uv": [11, 10, 12, 12], "texture": "#3"},
				"west": {"uv": [11, 10, 12, 12], "texture": "#3"},
				"up": {"uv": [12, 10, 11, 11], "rotation": 270, "texture": "#3"},
				"down": {"uv": [11, 11, 12, 12], "rotation": 270, "texture": "#3"}
			}
		},
		{
			"name": "jumpboost_icon_15",
			"from": [16, 4, 3],
			"to": [17, 5, 4],
			"faces": {
				"north": {"uv": [3, 11, 4, 12], "texture": "#3"},
				"east": {"uv": [3, 12, 4, 11], "rotation": 180, "texture": "#3"},
				"south": {"uv": [3, 11, 4, 12], "texture": "#3"},
				"west": {"uv": [3, 11, 4, 12], "texture": "#3"},
				"up": {"uv": [4, 11, 3, 12], "rotation": 270, "texture": "#3"},
				"down": {"uv": [3, 11, 4, 12], "rotation": 270, "texture": "#3"}
			}
		},
		{
			"name": "jumpboost_icon_16",
			"from": [16, 4, 12],
			"to": [17, 5, 13],
			"faces": {
				"north": {"uv": [12, 11, 13, 12], "texture": "#3"},
				"east": {"uv": [12, 12, 13, 11], "rotation": 180, "texture": "#3"},
				"south": {"uv": [12, 11, 13, 12], "texture": "#3"},
				"west": {"uv": [12, 11, 13, 12], "texture": "#3"},
				"up": {"uv": [13, 11, 12, 12], "rotation": 270, "texture": "#3"},
				"down": {"uv": [12, 11, 13, 12], "rotation": 270, "texture": "#3"}
			}
		}
	],
	"groups": [0,
		{
			"name": "jumpboost_icon",
			"origin": [8, 8, 8],
			"children": [1, 2, 3, 4, 5, 6, 7, 8, 9, 10, 11, 12, 13, 14, 15]
		},
		{
			"name": "jumpboost_icon",
			"origin": [8, 8, 8],
			"children": [16, 17, 18, 19, 20, 21, 22, 23, 24, 25, 26, 27, 28, 29, 30]
		},
		{
			"name": "jumpboost_icon",
			"origin": [8, 8, 8],
			"children": [31, 32, 33, 34, 35, 36, 37, 38, 39, 40, 41, 42, 43, 44, 45]
		},
		{
			"name": "jumpboost_icon",
			"origin": [8, 8, 8],
			"children": [46, 47, 48, 49, 50, 51, 52, 53, 54, 55, 56, 57, 58, 59, 60]
		}
	]
}