{
	"credit": "Made with Blockbench",
	"parent": "block/cube",
	"textures": {
		"0": "block/trident_top",
		"1": "block/trident_block",
		"3": "item/trident",
		"particle": "block/trident_block"
	},
	"elements": [
		{
			"from": [0, 0, 0],
			"to": [16, 8, 16],
			"faces": {
				"north": {"uv": [0, 0, 16, 8], "texture": "#1"},
				"east": {"uv": [0, 0, 16, 8], "texture": "#1"},
				"south": {"uv": [0, 0, 16, 8], "texture": "#1"},
				"west": {"uv": [0, 0, 16, 8], "texture": "#1"},
				"up": {"uv": [0, 0, 16, 16], "texture": "#0"},
				"down": {"uv": [0, 0, 16, 16], "texture": "#1"}
			}
		},
		{
			"name": "trident_0",
			"from": [9, 8, 1],
			"to": [11, 9, 3],
			"faces": {
				"north": {"uv": [11, 1, 9, 2], "texture": "#3"},
				"east": {"uv": [10, 1, 11, 3], "rotation": 90, "texture": "#3"},
				"south": {"uv": [9, 2, 11, 3], "texture": "#3"},
				"west": {"uv": [9, 1, 10, 3], "rotation": 270, "texture": "#3"},
				"up": {"uv": [9, 1, 11, 3], "texture": "#3"},
				"down": {"uv": [9, 3, 11, 1], "texture": "#3"}
			}
		},
		{
			"name": "trident_1",
			"from": [8, 8, 2],
			"to": [9, 9, 9],
			"faces": {
				"north": {"uv": [9, 2, 8, 3], "texture": "#3"},
				"east": {"uv": [8, 2, 9, 9], "rotation": 90, "texture": "#3"},
				"south": {"uv": [8, 8, 9, 9], "texture": "#3"},
				"west": {"uv": [8, 2, 9, 9], "rotation": 270, "texture": "#3"},
				"up": {"uv": [8, 2, 9, 9], "texture": "#3"},
				"down": {"uv": [8, 9, 9, 2], "texture": "#3"}
			}
		},
		{
			"name": "trident_2",
			"from": [12, 8, 2],
			"to": [14, 9, 4],
			"faces": {
				"north": {"uv": [14, 2, 12, 3], "texture": "#3"},
				"east": {"uv": [13, 2, 14, 4], "rotation": 90, "texture": "#3"},
				"south": {"uv": [12, 3, 14, 4], "texture": "#3"},
				"west": {"uv": [12, 2, 13, 4], "rotation": 270, "texture": "#3"},
				"up": {"uv": [12, 2, 14, 4], "texture": "#3"},
				"down": {"uv": [12, 4, 14, 2], "texture": "#3"}
			}
		},
		{
			"name": "trident_3",
			"from": [7, 8, 3],
			"to": [8, 9, 10],
			"faces": {
				"north": {"uv": [8, 3, 7, 4], "texture": "#3"},
				"east": {"uv": [7, 3, 8, 10], "rotation": 90, "texture": "#3"},
				"south": {"uv": [7, 9, 8, 10], "texture": "#3"},
				"west": {"uv": [7, 3, 8, 10], "rotation": 270, "texture": "#3"},
				"up": {"uv": [7, 3, 8, 10], "texture": "#3"},
				"down": {"uv": [7, 10, 8, 3], "texture": "#3"}
			}
		},
		{
			"name": "trident_4",
			"from": [9, 8, 3],
			"to": [10, 9, 4],
			"faces": {
				"north": {"uv": [10, 3, 9, 4], "texture": "#3"},
				"east": {"uv": [9, 3, 10, 4], "rotation": 90, "texture": "#3"},
				"south": {"uv": [9, 3, 10, 4], "texture": "#3"},
				"west": {"uv": [9, 3, 10, 4], "rotation": 270, "texture": "#3"},
				"up": {"uv": [9, 3, 10, 4], "texture": "#3"},
				"down": {"uv": [9, 4, 10, 3], "texture": "#3"}
			}
		},
		{
			"name": "trident_5",
			"from": [11, 8, 3],
			"to": [12, 9, 6],
			"faces": {
				"north": {"uv": [12, 3, 11, 4], "texture": "#3"},
				"east": {"uv": [11, 3, 12, 6], "rotation": 90, "texture": "#3"},
				"south": {"uv": [11, 5, 12, 6], "texture": "#3"},
				"west": {"uv": [11, 3, 12, 6], "rotation": 270, "texture": "#3"},
				"up": {"uv": [11, 3, 12, 6], "texture": "#3"},
				"down": {"uv": [11, 6, 12, 3], "texture": "#3"}
			}
		},
		{
			"name": "trident_6",
			"from": [10, 8, 4],
			"to": [11, 9, 9],
			"faces": {
				"north": {"uv": [11, 4, 10, 5], "texture": "#3"},
				"east": {"uv": [10, 4, 11, 9], "rotation": 90, "texture": "#3"},
				"south": {"uv": [10, 8, 11, 9], "texture": "#3"},
				"west": {"uv": [10, 4, 11, 9], "rotation": 270, "texture": "#3"},
				"up": {"uv": [10, 4, 11, 9], "texture": "#3"},
				"down": {"uv": [10, 9, 11, 4], "texture": "#3"}
			}
		},
		{
			"name": "trident_7",
			"from": [12, 8, 4],
			"to": [13, 9, 5],
			"faces": {
				"north": {"uv": [13, 4, 12, 5], "texture": "#3"},
				"east": {"uv": [12, 4, 13, 5], "rotation": 90, "texture": "#3"},
				"south": {"uv": [12, 4, 13, 5], "texture": "#3"},
				"west": {"uv": [12, 4, 13, 5], "rotation": 270, "texture": "#3"},
				"up": {"uv": [12, 4, 13, 5], "texture": "#3"},
				"down": {"uv": [12, 5, 13, 4], "texture": "#3"}
			}
		},
		{
			"name": "trident_8",
			"from": [9, 8, 5],
			"to": [10, 9, 9],
			"faces": {
				"north": {"uv": [10, 5, 9, 6], "texture": "#3"},
				"east": {"uv": [9, 5, 10, 9], "rotation": 90, "texture": "#3"},
				"south": {"uv": [9, 8, 10, 9], "texture": "#3"},
				"west": {"uv": [9, 5, 10, 9], "rotation": 270, "texture": "#3"},
				"up": {"uv": [9, 5, 10, 9], "texture": "#3"},
				"down": {"uv": [9, 9, 10, 5], "texture": "#3"}
			}
		},
		{
			"name": "trident_9",
			"from": [13, 8, 5],
			"to": [15, 9, 7],
			"faces": {
				"north": {"uv": [15, 5, 13, 6], "texture": "#3"},
				"east": {"uv": [14, 5, 15, 7], "rotation": 90, "texture": "#3"},
				"south": {"uv": [13, 6, 15, 7], "texture": "#3"},
				"west": {"uv": [13, 5, 14, 7], "rotation": 270, "texture": "#3"},
				"up": {"uv": [13, 5, 15, 7], "texture": "#3"},
				"down": {"uv": [13, 7, 15, 5], "texture": "#3"}
			}
		},
		{
			"name": "trident_10",
			"from": [12, 8, 6],
			"to": [13, 9, 9],
			"faces": {
				"north": {"uv": [13, 6, 12, 7], "texture": "#3"},
				"east": {"uv": [12, 6, 13, 9], "rotation": 90, "texture": "#3"},
				"south": {"uv": [12, 8, 13, 9], "texture": "#3"},
				"west": {"uv": [12, 6, 13, 9], "rotation": 270, "texture": "#3"},
				"up": {"uv": [12, 6, 13, 9], "texture": "#3"},
				"down": {"uv": [12, 9, 13, 6], "texture": "#3"}
			}
		},
		{
			"name": "trident_11",
			"from": [11, 8, 7],
			"to": [12, 9, 9],
			"faces": {
				"north": {"uv": [12, 7, 11, 8], "texture": "#3"},
				"east": {"uv": [11, 7, 12, 9], "rotation": 90, "texture": "#3"},
				"south": {"uv": [11, 8, 12, 9], "texture": "#3"},
				"west": {"uv": [11, 7, 12, 9], "rotation": 270, "texture": "#3"},
				"up": {"uv": [11, 7, 12, 9], "texture": "#3"},
				"down": {"uv": [11, 9, 12, 7], "texture": "#3"}
			}
		},
		{
			"name": "trident_12",
			"from": [13, 8, 7],
			"to": [14, 9, 8],
			"faces": {
				"north": {"uv": [14, 7, 13, 8], "texture": "#3"},
				"east": {"uv": [13, 7, 14, 8], "rotation": 90, "texture": "#3"},
				"south": {"uv": [13, 7, 14, 8], "texture": "#3"},
				"west": {"uv": [13, 7, 14, 8], "rotation": 270, "texture": "#3"},
				"up": {"uv": [13, 7, 14, 8], "texture": "#3"},
				"down": {"uv": [13, 8, 14, 7], "texture": "#3"}
			}
		},
		{
			"name": "trident_13",
			"from": [6, 8, 8],
			"to": [7, 9, 11],
			"faces": {
				"north": {"uv": [7, 8, 6, 9], "texture": "#3"},
				"east": {"uv": [6, 8, 7, 11], "rotation": 90, "texture": "#3"},
				"south": {"uv": [6, 10, 7, 11], "texture": "#3"},
				"west": {"uv": [6, 8, 7, 11], "rotation": 270, "texture": "#3"},
				"up": {"uv": [6, 8, 7, 11], "texture": "#3"},
				"down": {"uv": [6, 11, 7, 8], "texture": "#3"}
			}
		},
		{
			"name": "trident_14",
			"from": [5, 8, 9],
			"to": [6, 9, 12],
			"faces": {
				"north": {"uv": [6, 9, 5, 10], "texture": "#3"},
				"east": {"uv": [5, 9, 6, 12], "rotation": 90, "texture": "#3"},
				"south": {"uv": [5, 11, 6, 12], "texture": "#3"},
				"west": {"uv": [5, 9, 6, 12], "rotation": 270, "texture": "#3"},
				"up": {"uv": [5, 9, 6, 12], "texture": "#3"},
				"down": {"uv": [5, 12, 6, 9], "texture": "#3"}
			}
		},
		{
			"name": "trident_15",
			"from": [4, 8, 10],
			"to": [5, 9, 13],
			"faces": {
				"north": {"uv": [5, 10, 4, 11], "texture": "#3"},
				"east": {"uv": [4, 10, 5, 13], "rotation": 90, "texture": "#3"},
				"south": {"uv": [4, 12, 5, 13], "texture": "#3"},
				"west": {"uv": [4, 10, 5, 13], "rotation": 270, "texture": "#3"},
				"up": {"uv": [4, 10, 5, 13], "texture": "#3"},
				"down": {"uv": [4, 13, 5, 10], "texture": "#3"}
			}
		},
		{
			"name": "trident_16",
			"from": [3, 8, 11],
			"to": [4, 9, 14],
			"faces": {
				"north": {"uv": [4, 11, 3, 12], "texture": "#3"},
				"east": {"uv": [3, 11, 4, 14], "rotation": 90, "texture": "#3"},
				"south": {"uv": [3, 13, 4, 14], "texture": "#3"},
				"west": {"uv": [3, 11, 4, 14], "rotation": 270, "texture": "#3"},
				"up": {"uv": [3, 11, 4, 14], "texture": "#3"},
				"down": {"uv": [3, 14, 4, 11], "texture": "#3"}
			}
		},
		{
			"name": "trident_17",
			"from": [2, 8, 12],
			"to": [3, 9, 15],
			"faces": {
				"north": {"uv": [3, 12, 2, 13], "texture": "#3"},
				"east": {"uv": [2, 12, 3, 15], "rotation": 90, "texture": "#3"},
				"south": {"uv": [2, 14, 3, 15], "texture": "#3"},
				"west": {"uv": [2, 12, 3, 15], "rotation": 270, "texture": "#3"},
				"up": {"uv": [2, 12, 3, 15], "texture": "#3"},
				"down": {"uv": [2, 15, 3, 12], "texture": "#3"}
			}
		},
		{
			"name": "trident_19",
			"from": [1, 8, 13],
			"to": [2, 9, 15],
			"faces": {
				"north": {"uv": [1, 14, 0, 15], "texture": "#3"},
				"east": {"uv": [0, 14, 1, 16], "rotation": 90, "texture": "#3"},
				"south": {"uv": [0, 15, 1, 16], "texture": "#3"},
				"west": {"uv": [0, 14, 1, 16], "rotation": 270, "texture": "#3"},
				"up": {"uv": [0, 14, 1, 16], "texture": "#3"},
				"down": {"uv": [0, 16, 1, 14], "texture": "#3"}
			}
		}
	],
	"groups": [0,
		{
			"name": "trident",
			"origin": [8, 8, 8],
			"children": [1, 2, 3, 4, 5, 6, 7, 8, 9, 10, 11, 12, 13, 14, 15, 16, 17, 18, 19]
		}
	]
}