{
	"credit": "Made with Blockbench",
	"parent": "block/cube",
	"textures": {
		"0": "block/levitation_bottom",
		"1": "block/levitation_side",
		"2": "block/levitation_top",
		"3": "block/levitation_icon",
		"particle": "block/levitation_side"
	},
	"elements": [
		{
			"from": [0, 0, 0],
			"to": [16, 16, 16],
			"faces": {
				"north": {"uv": [0, 0, 16, 16], "texture": "#1"},
				"east": {"uv": [0, 0, 16, 16], "texture": "#1"},
				"south": {"uv": [0, 0, 16, 16], "texture": "#1"},
				"west": {"uv": [0, 0, 16, 16], "texture": "#1"},
				"up": {"uv": [0, 0, 16, 16], "texture": "#2"},
				"down": {"uv": [0, 0, 16, 16], "texture": "#0"}
			}
		},
		{
			"name": "Untitled-1_1",
			"from": [7, 4, -1],
			"to": [10, 12, 0],
			"faces": {
				"north": {"uv": [6, 4, 9, 12], "texture": "#3"},
				"east": {"uv": [6, 4, 7, 12], "texture": "#3"},
				"south": {"uv": [6, 12, 9, 4], "rotation": 180, "texture": "#3"},
				"west": {"uv": [8, 4, 9, 12], "texture": "#3"},
				"up": {"uv": [9, 4, 6, 5], "texture": "#3"},
				"down": {"uv": [6, 11, 9, 12], "rotation": 180, "texture": "#3"}
			}
		},
		{
			"name": "Untitled-1_2",
			"from": [10, 5, -1],
			"to": [11, 11, 0],
			"faces": {
				"north": {"uv": [5, 5, 6, 11], "texture": "#3"},
				"east": {"uv": [5, 5, 6, 11], "texture": "#3"},
				"south": {"uv": [5, 11, 6, 5], "rotation": 180, "texture": "#3"},
				"west": {"uv": [5, 5, 6, 11], "texture": "#3"},
				"up": {"uv": [6, 5, 5, 6], "texture": "#3"},
				"down": {"uv": [5, 10, 6, 11], "rotation": 180, "texture": "#3"}
			}
		},
		{
			"name": "Untitled-1_3",
			"from": [6, 4, -1],
			"to": [7, 11, 0],
			"faces": {
				"north": {"uv": [9, 5, 10, 12], "texture": "#3"},
				"east": {"uv": [9, 5, 10, 12], "texture": "#3"},
				"south": {"uv": [9, 12, 10, 5], "rotation": 180, "texture": "#3"},
				"west": {"uv": [9, 5, 10, 12], "texture": "#3"},
				"up": {"uv": [10, 5, 9, 6], "texture": "#3"},
				"down": {"uv": [9, 11, 10, 12], "rotation": 180, "texture": "#3"}
			}
		},
		{
			"name": "Untitled-1_4",
			"from": [11, 6, -1],
			"to": [13, 10, 0],
			"faces": {
				"north": {"uv": [3, 6, 5, 10], "texture": "#3"},
				"east": {"uv": [3, 6, 4, 10], "texture": "#3"},
				"south": {"uv": [3, 10, 5, 6], "rotation": 180, "texture": "#3"},
				"west": {"uv": [4, 6, 5, 10], "texture": "#3"},
				"up": {"uv": [5, 6, 3, 7], "texture": "#3"},
				"down": {"uv": [3, 9, 5, 10], "rotation": 180, "texture": "#3"}
			}
		},
		{
			"name": "Untitled-1_5",
			"from": [5, 5, -1],
			"to": [6, 10, 0],
			"faces": {
				"north": {"uv": [10, 6, 11, 11], "texture": "#3"},
				"east": {"uv": [10, 6, 11, 11], "texture": "#3"},
				"south": {"uv": [10, 11, 11, 6], "rotation": 180, "texture": "#3"},
				"west": {"uv": [10, 6, 11, 11], "texture": "#3"},
				"up": {"uv": [11, 6, 10, 7], "texture": "#3"},
				"down": {"uv": [10, 10, 11, 11], "rotation": 180, "texture": "#3"}
			}
		},
		{
			"name": "Untitled-1_6",
			"from": [13, 7, -1],
			"to": [14, 9, 0],
			"faces": {
				"north": {"uv": [2, 7, 3, 9], "texture": "#3"},
				"east": {"uv": [2, 7, 3, 9], "texture": "#3"},
				"south": {"uv": [2, 9, 3, 7], "rotation": 180, "texture": "#3"},
				"west": {"uv": [2, 7, 3, 9], "texture": "#3"},
				"up": {"uv": [3, 7, 2, 8], "texture": "#3"},
				"down": {"uv": [2, 8, 3, 9], "rotation": 180, "texture": "#3"}
			}
		},
		{
			"name": "Untitled-1_7",
			"from": [3, 6, -1],
			"to": [5, 9, 0],
			"faces": {
				"north": {"uv": [11, 7, 13, 10], "texture": "#3"},
				"east": {"uv": [11, 7, 12, 10], "texture": "#3"},
				"south": {"uv": [11, 10, 13, 7], "rotation": 180, "texture": "#3"},
				"west": {"uv": [12, 7, 13, 10], "texture": "#3"},
				"up": {"uv": [13, 7, 11, 8], "texture": "#3"},
				"down": {"uv": [11, 9, 13, 10], "rotation": 180, "texture": "#3"}
			}
		},
		{
			"name": "Untitled-1_8",
			"from": [2, 7, -1],
			"to": [3, 8, 0],
			"faces": {
				"north": {"uv": [13, 8, 14, 9], "texture": "#3"},
				"east": {"uv": [13, 8, 14, 9], "texture": "#3"},
				"south": {"uv": [13, 9, 14, 8], "rotation": 180, "texture": "#3"},
				"west": {"uv": [13, 8, 14, 9], "texture": "#3"},
				"up": {"uv": [14, 8, 13, 9], "texture": "#3"},
				"down": {"uv": [13, 8, 14, 9], "rotation": 180, "texture": "#3"}
			}
		},
		{
			"name": "Untitled-1_9",
			"from": [11, 5, -1],
			"to": [12, 6, 0],
			"faces": {
				"north": {"uv": [4, 10, 5, 11], "texture": "#3"},
				"east": {"uv": [4, 10, 5, 11], "texture": "#3"},
				"south": {"uv": [4, 11, 5, 10], "rotation": 180, "texture": "#3"},
				"west": {"uv": [4, 10, 5, 11], "texture": "#3"},
				"up": {"uv": [5, 10, 4, 11], "texture": "#3"},
				"down": {"uv": [4, 10, 5, 11], "rotation": 180, "texture": "#3"}
			}
		},
		{
			"name": "Untitled-2_2",
			"from": [-1, 4, 6],
			"to": [0, 12, 9],
			"faces": {
				"north": {"uv": [6, 4, 7, 12], "texture": "#3"},
				"east": {"uv": [6, 12, 9, 4], "rotation": 180, "texture": "#3"},
				"south": {"uv": [8, 4, 9, 12], "texture": "#3"},
				"west": {"uv": [6, 4, 9, 12], "texture": "#3"},
				"up": {"uv": [9, 4, 6, 5], "rotation": 270, "texture": "#3"},
				"down": {"uv": [6, 11, 9, 12], "rotation": 270, "texture": "#3"}
			}
		},
		{
			"name": "Untitled-1_3",
			"from": [-1, 5, 5],
			"to": [0, 11, 6],
			"faces": {
				"north": {"uv": [5, 5, 6, 11], "texture": "#3"},
				"east": {"uv": [5, 11, 6, 5], "rotation": 180, "texture": "#3"},
				"south": {"uv": [5, 5, 6, 11], "texture": "#3"},
				"west": {"uv": [5, 5, 6, 11], "texture": "#3"},
				"up": {"uv": [6, 5, 5, 6], "rotation": 270, "texture": "#3"},
				"down": {"uv": [5, 10, 6, 11], "rotation": 270, "texture": "#3"}
			}
		},
		{
			"name": "Untitled-1_4",
			"from": [-1, 4, 9],
			"to": [0, 11, 10],
			"faces": {
				"north": {"uv": [9, 5, 10, 12], "texture": "#3"},
				"east": {"uv": [9, 12, 10, 5], "rotation": 180, "texture": "#3"},
				"south": {"uv": [9, 5, 10, 12], "texture": "#3"},
				"west": {"uv": [9, 5, 10, 12], "texture": "#3"},
				"up": {"uv": [10, 5, 9, 6], "rotation": 270, "texture": "#3"},
				"down": {"uv": [9, 11, 10, 12], "rotation": 270, "texture": "#3"}
			}
		},
		{
			"name": "Untitled-1_5",
			"from": [-1, 6, 3],
			"to": [0, 10, 5],
			"faces": {
				"north": {"uv": [3, 6, 4, 10], "texture": "#3"},
				"east": {"uv": [3, 10, 5, 6], "rotation": 180, "texture": "#3"},
				"south": {"uv": [4, 6, 5, 10], "texture": "#3"},
				"west": {"uv": [3, 6, 5, 10], "texture": "#3"},
				"up": {"uv": [5, 6, 3, 7], "rotation": 270, "texture": "#3"},
				"down": {"uv": [3, 9, 5, 10], "rotation": 270, "texture": "#3"}
			}
		},
		{
			"name": "Untitled-1_6",
			"from": [-1, 5, 10],
			"to": [0, 10, 11],
			"faces": {
				"north": {"uv": [10, 6, 11, 11], "texture": "#3"},
				"east": {"uv": [10, 11, 11, 6], "rotation": 180, "texture": "#3"},
				"south": {"uv": [10, 6, 11, 11], "texture": "#3"},
				"west": {"uv": [10, 6, 11, 11], "texture": "#3"},
				"up": {"uv": [11, 6, 10, 7], "rotation": 270, "texture": "#3"},
				"down": {"uv": [10, 10, 11, 11], "rotation": 270, "texture": "#3"}
			}
		},
		{
			"name": "Untitled-1_7",
			"from": [-1, 7, 2],
			"to": [0, 9, 3],
			"faces": {
				"north": {"uv": [2, 7, 3, 9], "texture": "#3"},
				"east": {"uv": [2, 9, 3, 7], "rotation": 180, "texture": "#3"},
				"south": {"uv": [2, 7, 3, 9], "texture": "#3"},
				"west": {"uv": [2, 7, 3, 9], "texture": "#3"},
				"up": {"uv": [3, 7, 2, 8], "rotation": 270, "texture": "#3"},
				"down": {"uv": [2, 8, 3, 9], "rotation": 270, "texture": "#3"}
			}
		},
		{
			"name": "Untitled-1_8",
			"from": [-1, 6, 11],
			"to": [0, 9, 13],
			"faces": {
				"north": {"uv": [11, 7, 12, 10], "texture": "#3"},
				"east": {"uv": [11, 10, 13, 7], "rotation": 180, "texture": "#3"},
				"south": {"uv": [12, 7, 13, 10], "texture": "#3"},
				"west": {"uv": [11, 7, 13, 10], "texture": "#3"},
				"up": {"uv": [13, 7, 11, 8], "rotation": 270, "texture": "#3"},
				"down": {"uv": [11, 9, 13, 10], "rotation": 270, "texture": "#3"}
			}
		},
		{
			"name": "Untitled-1_9",
			"from": [-1, 7, 13],
			"to": [0, 8, 14],
			"faces": {
				"north": {"uv": [13, 8, 14, 9], "texture": "#3"},
				"east": {"uv": [13, 9, 14, 8], "rotation": 180, "texture": "#3"},
				"south": {"uv": [13, 8, 14, 9], "texture": "#3"},
				"west": {"uv": [13, 8, 14, 9], "texture": "#3"},
				"up": {"uv": [14, 8, 13, 9], "rotation": 270, "texture": "#3"},
				"down": {"uv": [13, 8, 14, 9], "rotation": 270, "texture": "#3"}
			}
		},
		{
			"name": "Untitled-1_10",
			"from": [-1, 5, 4],
			"to": [0, 6, 5],
			"faces": {
				"north": {"uv": [4, 10, 5, 11], "texture": "#3"},
				"east": {"uv": [4, 11, 5, 10], "rotation": 180, "texture": "#3"},
				"south": {"uv": [4, 10, 5, 11], "texture": "#3"},
				"west": {"uv": [4, 10, 5, 11], "texture": "#3"},
				"up": {"uv": [5, 10, 4, 11], "rotation": 270, "texture": "#3"},
				"down": {"uv": [4, 10, 5, 11], "rotation": 270, "texture": "#3"}
			}
		},
		{
			"name": "Untitled-3_3",
			"from": [6, 4, 16],
			"to": [9, 12, 17],
			"faces": {
				"north": {"uv": [6, 12, 9, 4], "rotation": 180, "texture": "#3"},
				"east": {"uv": [8, 4, 9, 12], "texture": "#3"},
				"south": {"uv": [6, 4, 9, 12], "texture": "#3"},
				"west": {"uv": [6, 4, 7, 12], "texture": "#3"},
				"up": {"uv": [9, 4, 6, 5], "rotation": 180, "texture": "#3"},
				"down": {"uv": [6, 11, 9, 12], "texture": "#3"}
			}
		},
		{
			"name": "Untitled-1_4",
			"from": [5, 5, 16],
			"to": [6, 11, 17],
			"faces": {
				"north": {"uv": [5, 11, 6, 5], "rotation": 180, "texture": "#3"},
				"east": {"uv": [5, 5, 6, 11], "texture": "#3"},
				"south": {"uv": [5, 5, 6, 11], "texture": "#3"},
				"west": {"uv": [5, 5, 6, 11], "texture": "#3"},
				"up": {"uv": [6, 5, 5, 6], "rotation": 180, "texture": "#3"},
				"down": {"uv": [5, 10, 6, 11], "texture": "#3"}
			}
		},
		{
			"name": "Untitled-1_5",
			"from": [9, 4, 16],
			"to": [10, 11, 17],
			"faces": {
				"north": {"uv": [9, 12, 10, 5], "rotation": 180, "texture": "#3"},
				"east": {"uv": [9, 5, 10, 12], "texture": "#3"},
				"south": {"uv": [9, 5, 10, 12], "texture": "#3"},
				"west": {"uv": [9, 5, 10, 12], "texture": "#3"},
				"up": {"uv": [10, 5, 9, 6], "rotation": 180, "texture": "#3"},
				"down": {"uv": [9, 11, 10, 12], "texture": "#3"}
			}
		},
		{
			"name": "Untitled-1_6",
			"from": [3, 6, 16],
			"to": [5, 10, 17],
			"faces": {
				"north": {"uv": [3, 10, 5, 6], "rotation": 180, "texture": "#3"},
				"east": {"uv": [4, 6, 5, 10], "texture": "#3"},
				"south": {"uv": [3, 6, 5, 10], "texture": "#3"},
				"west": {"uv": [3, 6, 4, 10], "texture": "#3"},
				"up": {"uv": [5, 6, 3, 7], "rotation": 180, "texture": "#3"},
				"down": {"uv": [3, 9, 5, 10], "texture": "#3"}
			}
		},
		{
			"name": "Untitled-1_7",
			"from": [10, 5, 16],
			"to": [11, 10, 17],
			"faces": {
				"north": {"uv": [10, 11, 11, 6], "rotation": 180, "texture": "#3"},
				"east": {"uv": [10, 6, 11, 11], "texture": "#3"},
				"south": {"uv": [10, 6, 11, 11], "texture": "#3"},
				"west": {"uv": [10, 6, 11, 11], "texture": "#3"},
				"up": {"uv": [11, 6, 10, 7], "rotation": 180, "texture": "#3"},
				"down": {"uv": [10, 10, 11, 11], "texture": "#3"}
			}
		},
		{
			"name": "Untitled-1_8",
			"from": [2, 7, 16],
			"to": [3, 9, 17],
			"faces": {
				"north": {"uv": [2, 9, 3, 7], "rotation": 180, "texture": "#3"},
				"east": {"uv": [2, 7, 3, 9], "texture": "#3"},
				"south": {"uv": [2, 7, 3, 9], "texture": "#3"},
				"west": {"uv": [2, 7, 3, 9], "texture": "#3"},
				"up": {"uv": [3, 7, 2, 8], "rotation": 180, "texture": "#3"},
				"down": {"uv": [2, 8, 3, 9], "texture": "#3"}
			}
		},
		{
			"name": "Untitled-1_9",
			"from": [11, 6, 16],
			"to": [13, 9, 17],
			"faces": {
				"north": {"uv": [11, 10, 13, 7], "rotation": 180, "texture": "#3"},
				"east": {"uv": [12, 7, 13, 10], "texture": "#3"},
				"south": {"uv": [11, 7, 13, 10], "texture": "#3"},
				"west": {"uv": [11, 7, 12, 10], "texture": "#3"},
				"up": {"uv": [13, 7, 11, 8], "rotation": 180, "texture": "#3"},
				"down": {"uv": [11, 9, 13, 10], "texture": "#3"}
			}
		},
		{
			"name": "Untitled-1_10",
			"from": [13, 7, 16],
			"to": [14, 8, 17],
			"faces": {
				"north": {"uv": [13, 9, 14, 8], "rotation": 180, "texture": "#3"},
				"east": {"uv": [13, 8, 14, 9], "texture": "#3"},
				"south": {"uv": [13, 8, 14, 9], "texture": "#3"},
				"west": {"uv": [13, 8, 14, 9], "texture": "#3"},
				"up": {"uv": [14, 8, 13, 9], "rotation": 180, "texture": "#3"},
				"down": {"uv": [13, 8, 14, 9], "texture": "#3"}
			}
		},
		{
			"name": "Untitled-1_11",
			"from": [4, 5, 16],
			"to": [5, 6, 17],
			"faces": {
				"north": {"uv": [4, 11, 5, 10], "rotation": 180, "texture": "#3"},
				"east": {"uv": [4, 10, 5, 11], "texture": "#3"},
				"south": {"uv": [4, 10, 5, 11], "texture": "#3"},
				"west": {"uv": [4, 10, 5, 11], "texture": "#3"},
				"up": {"uv": [5, 10, 4, 11], "rotation": 180, "texture": "#3"},
				"down": {"uv": [4, 10, 5, 11], "texture": "#3"}
			}
		},
		{
			"name": "Untitled-4_4",
			"from": [16, 4, 7],
			"to": [17, 12, 10],
			"faces": {
				"north": {"uv": [8, 4, 9, 12], "texture": "#3"},
				"east": {"uv": [6, 4, 9, 12], "texture": "#3"},
				"south": {"uv": [6, 4, 7, 12], "texture": "#3"},
				"west": {"uv": [6, 12, 9, 4], "rotation": 180, "texture": "#3"},
				"up": {"uv": [9, 4, 6, 5], "rotation": 90, "texture": "#3"},
				"down": {"uv": [6, 11, 9, 12], "rotation": 90, "texture": "#3"}
			}
		},
		{
			"name": "Untitled-1_5",
			"from": [16, 5, 10],
			"to": [17, 11, 11],
			"faces": {
				"north": {"uv": [5, 5, 6, 11], "texture": "#3"},
				"east": {"uv": [5, 5, 6, 11], "texture": "#3"},
				"south": {"uv": [5, 5, 6, 11], "texture": "#3"},
				"west": {"uv": [5, 11, 6, 5], "rotation": 180, "texture": "#3"},
				"up": {"uv": [6, 5, 5, 6], "rotation": 90, "texture": "#3"},
				"down": {"uv": [5, 10, 6, 11], "rotation": 90, "texture": "#3"}
			}
		},
		{
			"name": "Untitled-1_6",
			"from": [16, 4, 6],
			"to": [17, 11, 7],
			"faces": {
				"north": {"uv": [9, 5, 10, 12], "texture": "#3"},
				"east": {"uv": [9, 5, 10, 12], "texture": "#3"},
				"south": {"uv": [9, 5, 10, 12], "texture": "#3"},
				"west": {"uv": [9, 12, 10, 5], "rotation": 180, "texture": "#3"},
				"up": {"uv": [10, 5, 9, 6], "rotation": 90, "texture": "#3"},
				"down": {"uv": [9, 11, 10, 12], "rotation": 90, "texture": "#3"}
			}
		},
		{
			"name": "Untitled-1_7",
			"from": [16, 6, 11],
			"to": [17, 10, 13],
			"faces": {
				"north": {"uv": [4, 6, 5, 10], "texture": "#3"},
				"east": {"uv": [3, 6, 5, 10], "texture": "#3"},
				"south": {"uv": [3, 6, 4, 10], "texture": "#3"},
				"west": {"uv": [3, 10, 5, 6], "rotation": 180, "texture": "#3"},
				"up": {"uv": [5, 6, 3, 7], "rotation": 90, "texture": "#3"},
				"down": {"uv": [3, 9, 5, 10], "rotation": 90, "texture": "#3"}
			}
		},
		{
			"name": "Untitled-1_8",
			"from": [16, 5, 5],
			"to": [17, 10, 6],
			"faces": {
				"north": {"uv": [10, 6, 11, 11], "texture": "#3"},
				"east": {"uv": [10, 6, 11, 11], "texture": "#3"},
				"south": {"uv": [10, 6, 11, 11], "texture": "#3"},
				"west": {"uv": [10, 11, 11, 6], "rotation": 180, "texture": "#3"},
				"up": {"uv": [11, 6, 10, 7], "rotation": 90, "texture": "#3"},
				"down": {"uv": [10, 10, 11, 11], "rotation": 90, "texture": "#3"}
			}
		},
		{
			"name": "Untitled-1_9",
			"from": [16, 7, 13],
			"to": [17, 9, 14],
			"faces": {
				"north": {"uv": [2, 7, 3, 9], "texture": "#3"},
				"east": {"uv": [2, 7, 3, 9], "texture": "#3"},
				"south": {"uv": [2, 7, 3, 9], "texture": "#3"},
				"west": {"uv": [2, 9, 3, 7], "rotation": 180, "texture": "#3"},
				"up": {"uv": [3, 7, 2, 8], "rotation": 90, "texture": "#3"},
				"down": {"uv": [2, 8, 3, 9], "rotation": 90, "texture": "#3"}
			}
		},
		{
			"name": "Untitled-1_10",
			"from": [16, 6, 3],
			"to": [17, 9, 5],
			"faces": {
				"north": {"uv": [12, 7, 13, 10], "texture": "#3"},
				"east": {"uv": [11, 7, 13, 10], "texture": "#3"},
				"south": {"uv": [11, 7, 12, 10], "texture": "#3"},
				"west": {"uv": [11, 10, 13, 7], "rotation": 180, "texture": "#3"},
				"up": {"uv": [13, 7, 11, 8], "rotation": 90, "texture": "#3"},
				"down": {"uv": [11, 9, 13, 10], "rotation": 90, "texture": "#3"}
			}
		},
		{
			"name": "Untitled-1_11",
			"from": [16, 7, 2],
			"to": [17, 8, 3],
			"faces": {
				"north": {"uv": [13, 8, 14, 9], "texture": "#3"},
				"east": {"uv": [13, 8, 14, 9], "texture": "#3"},
				"south": {"uv": [13, 8, 14, 9], "texture": "#3"},
				"west": {"uv": [13, 9, 14, 8], "rotation": 180, "texture": "#3"},
				"up": {"uv": [14, 8, 13, 9], "rotation": 90, "texture": "#3"},
				"down": {"uv": [13, 8, 14, 9], "rotation": 90, "texture": "#3"}
			}
		},
		{
			"name": "Untitled-1_12",
			"from": [16, 5, 11],
			"to": [17, 6, 12],
			"faces": {
				"north": {"uv": [4, 10, 5, 11], "texture": "#3"},
				"east": {"uv": [4, 10, 5, 11], "texture": "#3"},
				"south": {"uv": [4, 10, 5, 11], "texture": "#3"},
				"west": {"uv": [4, 11, 5, 10], "rotation": 180, "texture": "#3"},
				"up": {"uv": [5, 10, 4, 11], "rotation": 90, "texture": "#3"},
				"down": {"uv": [4, 10, 5, 11], "rotation": 90, "texture": "#3"}
			}
		}
	],
	"groups": [0,
		{
			"name": "Untitled-1",
			"origin": [8, 8, 8],
			"children": [1, 2, 3, 4, 5, 6, 7, 8, 9]
		},
		{
			"name": "Untitled-1",
			"origin": [8, 8, 8],
			"children": [10, 11, 12, 13, 14, 15, 16, 17, 18]
		},
		{
			"name": "Untitled-1",
			"origin": [8, 8, 8],
			"children": [19, 20, 21, 22, 23, 24, 25, 26, 27]
		},
		{
			"name": "Untitled-1",
			"origin": [8, 8, 8],
			"children": [28, 29, 30, 31, 32, 33, 34, 35, 36]
		}
	]
}