{
	"credit": "Made with Blockbench",
	"parent": "block/cube",
	"textures": {
		"0": "block/tnt_bottom",
		"1": "block/tnt_side",
		"2": "block/tnt_top",
		"particle": "block/tnt_side"
	},
	"elements": [
		{
			"from": [0, 0, 0],
			"to": [16, 16, 16],
			"faces": {
				"north": {"uv": [0, 0, 16, 16], "texture": "#1"},
				"east": {"uv": [0, 0, 16, 16], "texture": "#1"},
				"south": {"uv": [0, 0, 16, 16], "texture": "#1"},
				"west": {"uv": [0, 0, 16, 16], "texture": "#1"},
				"up": {"uv": [0, 0, 16, 16], "texture": "#2"},
				"down": {"uv": [0, 0, 16, 16], "texture": "#0"}
			}
		}
	],
	"groups": [0,
		{
			"name": "group",
			"origin": [0, 0, 0],
			"children": []
		},
		{
			"name": "group",
			"origin": [0, 0, 0],
			"children": []
		},
		{
			"name": "group",
			"origin": [0, 0, 0],
			"children": []
		},
		{
			"name": "group",
			"origin": [0, 0, 0],
			"children": []
		}
	]
}