{
	"credit": "Made with Blockbench",
	"parent": "block/cube",
	"textures": {
		"1": "block/elytra_icon",
		"3": "block/elytra_block",
		"particle": "block/elytra_block"
	},
	"elements": [
		{
			"from": [0, 0, 0],
			"to": [16, 16, 16],
			"faces": {
				"north": {"uv": [0, 0, 16, 16], "texture": "#3"},
				"east": {"uv": [0, 0, 16, 16], "texture": "#3"},
				"south": {"uv": [0, 0, 16, 16], "texture": "#3"},
				"west": {"uv": [0, 0, 16, 16], "texture": "#3"},
				"up": {"uv": [0, 0, 16, 16], "texture": "#3"},
				"down": {"uv": [0, 0, 16, 16], "texture": "#3"}
			}
		},
		{
			"name": "elytra_icon_1",
			"from": [4, 4, -1],
			"to": [7, 14, 0],
			"faces": {
				"north": {"uv": [4, 12, 7, 2], "rotation": 180, "texture": "#1"},
				"east": {"uv": [6, 2, 7, 12], "texture": "#1"},
				"south": {"uv": [4, 2, 7, 12], "texture": "#1"},
				"west": {"uv": [4, 2, 5, 12], "texture": "#1"},
				"up": {"uv": [7, 2, 4, 3], "rotation": 180, "texture": "#1"},
				"down": {"uv": [4, 11, 7, 12], "texture": "#1"}
			}
		},
		{
			"name": "elytra_icon_2",
			"from": [7, 12, -1],
			"to": [12, 14, 0],
			"faces": {
				"north": {"uv": [7, 4, 12, 2], "rotation": 180, "texture": "#1"},
				"east": {"uv": [11, 2, 12, 4], "texture": "#1"},
				"south": {"uv": [7, 2, 12, 4], "texture": "#1"},
				"west": {"uv": [7, 2, 8, 4], "texture": "#1"},
				"up": {"uv": [12, 2, 7, 3], "rotation": 180, "texture": "#1"},
				"down": {"uv": [7, 3, 12, 4], "texture": "#1"}
			}
		},
		{
			"name": "elytra_icon_3",
			"from": [2, 4, -1],
			"to": [4, 13, 0],
			"faces": {
				"north": {"uv": [2, 12, 4, 3], "rotation": 180, "texture": "#1"},
				"east": {"uv": [3, 3, 4, 12], "texture": "#1"},
				"south": {"uv": [2, 3, 4, 12], "texture": "#1"},
				"west": {"uv": [2, 3, 3, 12], "texture": "#1"},
				"up": {"uv": [4, 3, 2, 4], "rotation": 180, "texture": "#1"},
				"down": {"uv": [2, 11, 4, 12], "texture": "#1"}
			}
		},
		{
			"name": "elytra_icon_4",
			"from": [12, 4, -1],
			"to": [14, 13, 0],
			"faces": {
				"north": {"uv": [12, 12, 14, 3], "rotation": 180, "texture": "#1"},
				"east": {"uv": [13, 3, 14, 12], "texture": "#1"},
				"south": {"uv": [12, 3, 14, 12], "texture": "#1"},
				"west": {"uv": [12, 3, 13, 12], "texture": "#1"},
				"up": {"uv": [14, 3, 12, 4], "rotation": 180, "texture": "#1"},
				"down": {"uv": [12, 11, 14, 12], "texture": "#1"}
			}
		},
		{
			"name": "elytra_icon_5",
			"from": [1, 6, -1],
			"to": [2, 12, 0],
			"faces": {
				"north": {"uv": [1, 10, 2, 4], "rotation": 180, "texture": "#1"},
				"east": {"uv": [1, 4, 2, 10], "texture": "#1"},
				"south": {"uv": [1, 4, 2, 10], "texture": "#1"},
				"west": {"uv": [1, 4, 2, 10], "texture": "#1"},
				"up": {"uv": [2, 4, 1, 5], "rotation": 180, "texture": "#1"},
				"down": {"uv": [1, 9, 2, 10], "texture": "#1"}
			}
		},
		{
			"name": "elytra_icon_6",
			"from": [9, 4, -1],
			"to": [12, 12, 0],
			"faces": {
				"north": {"uv": [9, 12, 12, 4], "rotation": 180, "texture": "#1"},
				"east": {"uv": [11, 4, 12, 12], "texture": "#1"},
				"south": {"uv": [9, 4, 12, 12], "texture": "#1"},
				"west": {"uv": [9, 4, 10, 12], "texture": "#1"},
				"up": {"uv": [12, 4, 9, 5], "rotation": 180, "texture": "#1"},
				"down": {"uv": [9, 11, 12, 12], "texture": "#1"}
			}
		},
		{
			"name": "elytra_icon_7",
			"from": [14, 6, -1],
			"to": [15, 12, 0],
			"faces": {
				"north": {"uv": [14, 10, 15, 4], "rotation": 180, "texture": "#1"},
				"east": {"uv": [14, 4, 15, 10], "texture": "#1"},
				"south": {"uv": [14, 4, 15, 10], "texture": "#1"},
				"west": {"uv": [14, 4, 15, 10], "texture": "#1"},
				"up": {"uv": [15, 4, 14, 5], "rotation": 180, "texture": "#1"},
				"down": {"uv": [14, 9, 15, 10], "texture": "#1"}
			}
		},
		{
			"name": "elytra_icon_8",
			"from": [3, 2, -1],
			"to": [5, 4, 0],
			"faces": {
				"north": {"uv": [3, 14, 5, 12], "rotation": 180, "texture": "#1"},
				"east": {"uv": [4, 12, 5, 14], "texture": "#1"},
				"south": {"uv": [3, 12, 5, 14], "texture": "#1"},
				"west": {"uv": [3, 12, 4, 14], "texture": "#1"},
				"up": {"uv": [5, 12, 3, 13], "rotation": 180, "texture": "#1"},
				"down": {"uv": [3, 13, 5, 14], "texture": "#1"}
			}
		},
		{
			"name": "elytra_icon_9",
			"from": [5, 3, -1],
			"to": [6, 4, 0],
			"faces": {
				"north": {"uv": [5, 13, 6, 12], "rotation": 180, "texture": "#1"},
				"east": {"uv": [5, 12, 6, 13], "texture": "#1"},
				"south": {"uv": [5, 12, 6, 13], "texture": "#1"},
				"west": {"uv": [5, 12, 6, 13], "texture": "#1"},
				"up": {"uv": [6, 12, 5, 13], "rotation": 180, "texture": "#1"},
				"down": {"uv": [5, 12, 6, 13], "texture": "#1"}
			}
		},
		{
			"name": "elytra_icon_10",
			"from": [10, 3, -1],
			"to": [13, 4, 0],
			"faces": {
				"north": {"uv": [10, 13, 13, 12], "rotation": 180, "texture": "#1"},
				"east": {"uv": [12, 12, 13, 13], "texture": "#1"},
				"south": {"uv": [10, 12, 13, 13], "texture": "#1"},
				"west": {"uv": [10, 12, 11, 13], "texture": "#1"},
				"up": {"uv": [13, 12, 10, 13], "rotation": 180, "texture": "#1"},
				"down": {"uv": [10, 12, 13, 13], "texture": "#1"}
			}
		},
		{
			"name": "elytra_icon_11",
			"from": [11, 2, -1],
			"to": [13, 3, 0],
			"faces": {
				"north": {"uv": [11, 14, 13, 13], "rotation": 180, "texture": "#1"},
				"east": {"uv": [12, 13, 13, 14], "texture": "#1"},
				"south": {"uv": [11, 13, 13, 14], "texture": "#1"},
				"west": {"uv": [11, 13, 12, 14], "texture": "#1"},
				"up": {"uv": [13, 13, 11, 14], "rotation": 180, "texture": "#1"},
				"down": {"uv": [11, 13, 13, 14], "texture": "#1"}
			}
		},
		{
			"name": "elytra_icon_2",
			"from": [-1, 4, 9],
			"to": [0, 14, 12],
			"faces": {
				"north": {"uv": [6, 2, 7, 12], "texture": "#1"},
				"east": {"uv": [4, 2, 7, 12], "texture": "#1"},
				"south": {"uv": [4, 2, 5, 12], "texture": "#1"},
				"west": {"uv": [4, 12, 7, 2], "rotation": 180, "texture": "#1"},
				"up": {"uv": [7, 2, 4, 3], "rotation": 90, "texture": "#1"},
				"down": {"uv": [4, 11, 7, 12], "rotation": 90, "texture": "#1"}
			}
		},
		{
			"name": "elytra_icon_3",
			"from": [-1, 12, 4],
			"to": [0, 14, 9],
			"faces": {
				"north": {"uv": [11, 2, 12, 4], "texture": "#1"},
				"east": {"uv": [7, 2, 12, 4], "texture": "#1"},
				"south": {"uv": [7, 2, 8, 4], "texture": "#1"},
				"west": {"uv": [7, 4, 12, 2], "rotation": 180, "texture": "#1"},
				"up": {"uv": [12, 2, 7, 3], "rotation": 90, "texture": "#1"},
				"down": {"uv": [7, 3, 12, 4], "rotation": 90, "texture": "#1"}
			}
		},
		{
			"name": "elytra_icon_4",
			"from": [-1, 4, 12],
			"to": [0, 13, 14],
			"faces": {
				"north": {"uv": [3, 3, 4, 12], "texture": "#1"},
				"east": {"uv": [2, 3, 4, 12], "texture": "#1"},
				"south": {"uv": [2, 3, 3, 12], "texture": "#1"},
				"west": {"uv": [2, 12, 4, 3], "rotation": 180, "texture": "#1"},
				"up": {"uv": [4, 3, 2, 4], "rotation": 90, "texture": "#1"},
				"down": {"uv": [2, 11, 4, 12], "rotation": 90, "texture": "#1"}
			}
		},
		{
			"name": "elytra_icon_5",
			"from": [-1, 4, 2],
			"to": [0, 13, 4],
			"faces": {
				"north": {"uv": [13, 3, 14, 12], "texture": "#1"},
				"east": {"uv": [12, 3, 14, 12], "texture": "#1"},
				"south": {"uv": [12, 3, 13, 12], "texture": "#1"},
				"west": {"uv": [12, 12, 14, 3], "rotation": 180, "texture": "#1"},
				"up": {"uv": [14, 3, 12, 4], "rotation": 90, "texture": "#1"},
				"down": {"uv": [12, 11, 14, 12], "rotation": 90, "texture": "#1"}
			}
		},
		{
			"name": "elytra_icon_6",
			"from": [-1, 6, 14],
			"to": [0, 12, 15],
			"faces": {
				"north": {"uv": [1, 4, 2, 10], "texture": "#1"},
				"east": {"uv": [1, 4, 2, 10], "texture": "#1"},
				"south": {"uv": [1, 4, 2, 10], "texture": "#1"},
				"west": {"uv": [1, 10, 2, 4], "rotation": 180, "texture": "#1"},
				"up": {"uv": [2, 4, 1, 5], "rotation": 90, "texture": "#1"},
				"down": {"uv": [1, 9, 2, 10], "rotation": 90, "texture": "#1"}
			}
		},
		{
			"name": "elytra_icon_7",
			"from": [-1, 4, 4],
			"to": [0, 12, 7],
			"faces": {
				"north": {"uv": [11, 4, 12, 12], "texture": "#1"},
				"east": {"uv": [9, 4, 12, 12], "texture": "#1"},
				"south": {"uv": [9, 4, 10, 12], "texture": "#1"},
				"west": {"uv": [9, 12, 12, 4], "rotation": 180, "texture": "#1"},
				"up": {"uv": [12, 4, 9, 5], "rotation": 90, "texture": "#1"},
				"down": {"uv": [9, 11, 12, 12], "rotation": 90, "texture": "#1"}
			}
		},
		{
			"name": "elytra_icon_8",
			"from": [-1, 6, 1],
			"to": [0, 12, 2],
			"faces": {
				"north": {"uv": [14, 4, 15, 10], "texture": "#1"},
				"east": {"uv": [14, 4, 15, 10], "texture": "#1"},
				"south": {"uv": [14, 4, 15, 10], "texture": "#1"},
				"west": {"uv": [14, 10, 15, 4], "rotation": 180, "texture": "#1"},
				"up": {"uv": [15, 4, 14, 5], "rotation": 90, "texture": "#1"},
				"down": {"uv": [14, 9, 15, 10], "rotation": 90, "texture": "#1"}
			}
		},
		{
			"name": "elytra_icon_9",
			"from": [-1, 2, 11],
			"to": [0, 4, 13],
			"faces": {
				"north": {"uv": [4, 12, 5, 14], "texture": "#1"},
				"east": {"uv": [3, 12, 5, 14], "texture": "#1"},
				"south": {"uv": [3, 12, 4, 14], "texture": "#1"},
				"west": {"uv": [3, 14, 5, 12], "rotation": 180, "texture": "#1"},
				"up": {"uv": [5, 12, 3, 13], "rotation": 90, "texture": "#1"},
				"down": {"uv": [3, 13, 5, 14], "rotation": 90, "texture": "#1"}
			}
		},
		{
			"name": "elytra_icon_10",
			"from": [-1, 3, 10],
			"to": [0, 4, 11],
			"faces": {
				"north": {"uv": [5, 12, 6, 13], "texture": "#1"},
				"east": {"uv": [5, 12, 6, 13], "texture": "#1"},
				"south": {"uv": [5, 12, 6, 13], "texture": "#1"},
				"west": {"uv": [5, 13, 6, 12], "rotation": 180, "texture": "#1"},
				"up": {"uv": [6, 12, 5, 13], "rotation": 90, "texture": "#1"},
				"down": {"uv": [5, 12, 6, 13], "rotation": 90, "texture": "#1"}
			}
		},
		{
			"name": "elytra_icon_11",
			"from": [-1, 3, 3],
			"to": [0, 4, 6],
			"faces": {
				"north": {"uv": [12, 12, 13, 13], "texture": "#1"},
				"east": {"uv": [10, 12, 13, 13], "texture": "#1"},
				"south": {"uv": [10, 12, 11, 13], "texture": "#1"},
				"west": {"uv": [10, 13, 13, 12], "rotation": 180, "texture": "#1"},
				"up": {"uv": [13, 12, 10, 13], "rotation": 90, "texture": "#1"},
				"down": {"uv": [10, 12, 13, 13], "rotation": 90, "texture": "#1"}
			}
		},
		{
			"name": "elytra_icon_12",
			"from": [-1, 2, 3],
			"to": [0, 3, 5],
			"faces": {
				"north": {"uv": [12, 13, 13, 14], "texture": "#1"},
				"east": {"uv": [11, 13, 13, 14], "texture": "#1"},
				"south": {"uv": [11, 13, 12, 14], "texture": "#1"},
				"west": {"uv": [11, 14, 13, 13], "rotation": 180, "texture": "#1"},
				"up": {"uv": [13, 13, 11, 14], "rotation": 90, "texture": "#1"},
				"down": {"uv": [11, 13, 13, 14], "rotation": 90, "texture": "#1"}
			}
		},
		{
			"name": "elytra_icon_3",
			"from": [9, 4, 16],
			"to": [12, 14, 17],
			"faces": {
				"north": {"uv": [4, 2, 7, 12], "texture": "#1"},
				"east": {"uv": [4, 2, 5, 12], "texture": "#1"},
				"south": {"uv": [4, 12, 7, 2], "rotation": 180, "texture": "#1"},
				"west": {"uv": [6, 2, 7, 12], "texture": "#1"},
				"up": {"uv": [7, 2, 4, 3], "texture": "#1"},
				"down": {"uv": [4, 11, 7, 12], "rotation": 180, "texture": "#1"}
			}
		},
		{
			"name": "elytra_icon_4",
			"from": [4, 12, 16],
			"to": [9, 14, 17],
			"faces": {
				"north": {"uv": [7, 2, 12, 4], "texture": "#1"},
				"east": {"uv": [7, 2, 8, 4], "texture": "#1"},
				"south": {"uv": [7, 4, 12, 2], "rotation": 180, "texture": "#1"},
				"west": {"uv": [11, 2, 12, 4], "texture": "#1"},
				"up": {"uv": [12, 2, 7, 3], "texture": "#1"},
				"down": {"uv": [7, 3, 12, 4], "rotation": 180, "texture": "#1"}
			}
		},
		{
			"name": "elytra_icon_5",
			"from": [12, 4, 16],
			"to": [14, 13, 17],
			"faces": {
				"north": {"uv": [2, 3, 4, 12], "texture": "#1"},
				"east": {"uv": [2, 3, 3, 12], "texture": "#1"},
				"south": {"uv": [2, 12, 4, 3], "rotation": 180, "texture": "#1"},
				"west": {"uv": [3, 3, 4, 12], "texture": "#1"},
				"up": {"uv": [4, 3, 2, 4], "texture": "#1"},
				"down": {"uv": [2, 11, 4, 12], "rotation": 180, "texture": "#1"}
			}
		},
		{
			"name": "elytra_icon_6",
			"from": [2, 4, 16],
			"to": [4, 13, 17],
			"faces": {
				"north": {"uv": [12, 3, 14, 12], "texture": "#1"},
				"east": {"uv": [12, 3, 13, 12], "texture": "#1"},
				"south": {"uv": [12, 12, 14, 3], "rotation": 180, "texture": "#1"},
				"west": {"uv": [13, 3, 14, 12], "texture": "#1"},
				"up": {"uv": [14, 3, 12, 4], "texture": "#1"},
				"down": {"uv": [12, 11, 14, 12], "rotation": 180, "texture": "#1"}
			}
		},
		{
			"name": "elytra_icon_7",
			"from": [14, 6, 16],
			"to": [15, 12, 17],
			"faces": {
				"north": {"uv": [1, 4, 2, 10], "texture": "#1"},
				"east": {"uv": [1, 4, 2, 10], "texture": "#1"},
				"south": {"uv": [1, 10, 2, 4], "rotation": 180, "texture": "#1"},
				"west": {"uv": [1, 4, 2, 10], "texture": "#1"},
				"up": {"uv": [2, 4, 1, 5], "texture": "#1"},
				"down": {"uv": [1, 9, 2, 10], "rotation": 180, "texture": "#1"}
			}
		},
		{
			"name": "elytra_icon_8",
			"from": [4, 4, 16],
			"to": [7, 12, 17],
			"faces": {
				"north": {"uv": [9, 4, 12, 12], "texture": "#1"},
				"east": {"uv": [9, 4, 10, 12], "texture": "#1"},
				"south": {"uv": [9, 12, 12, 4], "rotation": 180, "texture": "#1"},
				"west": {"uv": [11, 4, 12, 12], "texture": "#1"},
				"up": {"uv": [12, 4, 9, 5], "texture": "#1"},
				"down": {"uv": [9, 11, 12, 12], "rotation": 180, "texture": "#1"}
			}
		},
		{
			"name": "elytra_icon_9",
			"from": [1, 6, 16],
			"to": [2, 12, 17],
			"faces": {
				"north": {"uv": [14, 4, 15, 10], "texture": "#1"},
				"east": {"uv": [14, 4, 15, 10], "texture": "#1"},
				"south": {"uv": [14, 10, 15, 4], "rotation": 180, "texture": "#1"},
				"west": {"uv": [14, 4, 15, 10], "texture": "#1"},
				"up": {"uv": [15, 4, 14, 5], "texture": "#1"},
				"down": {"uv": [14, 9, 15, 10], "rotation": 180, "texture": "#1"}
			}
		},
		{
			"name": "elytra_icon_10",
			"from": [11, 2, 16],
			"to": [13, 4, 17],
			"faces": {
				"north": {"uv": [3, 12, 5, 14], "texture": "#1"},
				"east": {"uv": [3, 12, 4, 14], "texture": "#1"},
				"south": {"uv": [3, 14, 5, 12], "rotation": 180, "texture": "#1"},
				"west": {"uv": [4, 12, 5, 14], "texture": "#1"},
				"up": {"uv": [5, 12, 3, 13], "texture": "#1"},
				"down": {"uv": [3, 13, 5, 14], "rotation": 180, "texture": "#1"}
			}
		},
		{
			"name": "elytra_icon_11",
			"from": [10, 3, 16],
			"to": [11, 4, 17],
			"faces": {
				"north": {"uv": [5, 12, 6, 13], "texture": "#1"},
				"east": {"uv": [5, 12, 6, 13], "texture": "#1"},
				"south": {"uv": [5, 13, 6, 12], "rotation": 180, "texture": "#1"},
				"west": {"uv": [5, 12, 6, 13], "texture": "#1"},
				"up": {"uv": [6, 12, 5, 13], "texture": "#1"},
				"down": {"uv": [5, 12, 6, 13], "rotation": 180, "texture": "#1"}
			}
		},
		{
			"name": "elytra_icon_12",
			"from": [3, 3, 16],
			"to": [6, 4, 17],
			"faces": {
				"north": {"uv": [10, 12, 13, 13], "texture": "#1"},
				"east": {"uv": [10, 12, 11, 13], "texture": "#1"},
				"south": {"uv": [10, 13, 13, 12], "rotation": 180, "texture": "#1"},
				"west": {"uv": [12, 12, 13, 13], "texture": "#1"},
				"up": {"uv": [13, 12, 10, 13], "texture": "#1"},
				"down": {"uv": [10, 12, 13, 13], "rotation": 180, "texture": "#1"}
			}
		},
		{
			"name": "elytra_icon_13",
			"from": [3, 2, 16],
			"to": [5, 3, 17],
			"faces": {
				"north": {"uv": [11, 13, 13, 14], "texture": "#1"},
				"east": {"uv": [11, 13, 12, 14], "texture": "#1"},
				"south": {"uv": [11, 14, 13, 13], "rotation": 180, "texture": "#1"},
				"west": {"uv": [12, 13, 13, 14], "texture": "#1"},
				"up": {"uv": [13, 13, 11, 14], "texture": "#1"},
				"down": {"uv": [11, 13, 13, 14], "rotation": 180, "texture": "#1"}
			}
		},
		{
			"name": "elytra_icon_3",
			"from": [16, 4, 9],
			"to": [17, 14, 12],
			"faces": {
				"north": {"uv": [6, 2, 7, 12], "texture": "#1"},
				"east": {"uv": [4, 2, 7, 12], "texture": "#1"},
				"south": {"uv": [4, 2, 5, 12], "texture": "#1"},
				"west": {"uv": [4, 12, 7, 2], "rotation": 180, "texture": "#1"},
				"up": {"uv": [7, 2, 4, 3], "rotation": 90, "texture": "#1"},
				"down": {"uv": [4, 11, 7, 12], "rotation": 90, "texture": "#1"}
			}
		},
		{
			"name": "elytra_icon_4",
			"from": [16, 12, 4],
			"to": [17, 14, 9],
			"faces": {
				"north": {"uv": [11, 2, 12, 4], "texture": "#1"},
				"east": {"uv": [7, 2, 12, 4], "texture": "#1"},
				"south": {"uv": [7, 2, 8, 4], "texture": "#1"},
				"west": {"uv": [7, 4, 12, 2], "rotation": 180, "texture": "#1"},
				"up": {"uv": [12, 2, 7, 3], "rotation": 90, "texture": "#1"},
				"down": {"uv": [7, 3, 12, 4], "rotation": 90, "texture": "#1"}
			}
		},
		{
			"name": "elytra_icon_5",
			"from": [16, 4, 12],
			"to": [17, 13, 14],
			"faces": {
				"north": {"uv": [3, 3, 4, 12], "texture": "#1"},
				"east": {"uv": [2, 3, 4, 12], "texture": "#1"},
				"south": {"uv": [2, 3, 3, 12], "texture": "#1"},
				"west": {"uv": [2, 12, 4, 3], "rotation": 180, "texture": "#1"},
				"up": {"uv": [4, 3, 2, 4], "rotation": 90, "texture": "#1"},
				"down": {"uv": [2, 11, 4, 12], "rotation": 90, "texture": "#1"}
			}
		},
		{
			"name": "elytra_icon_6",
			"from": [16, 4, 2],
			"to": [17, 13, 4],
			"faces": {
				"north": {"uv": [13, 3, 14, 12], "texture": "#1"},
				"east": {"uv": [12, 3, 14, 12], "texture": "#1"},
				"south": {"uv": [12, 3, 13, 12], "texture": "#1"},
				"west": {"uv": [12, 12, 14, 3], "rotation": 180, "texture": "#1"},
				"up": {"uv": [14, 3, 12, 4], "rotation": 90, "texture": "#1"},
				"down": {"uv": [12, 11, 14, 12], "rotation": 90, "texture": "#1"}
			}
		},
		{
			"name": "elytra_icon_7",
			"from": [16, 6, 14],
			"to": [17, 12, 15],
			"faces": {
				"north": {"uv": [1, 4, 2, 10], "texture": "#1"},
				"east": {"uv": [1, 4, 2, 10], "texture": "#1"},
				"south": {"uv": [1, 4, 2, 10], "texture": "#1"},
				"west": {"uv": [1, 10, 2, 4], "rotation": 180, "texture": "#1"},
				"up": {"uv": [2, 4, 1, 5], "rotation": 90, "texture": "#1"},
				"down": {"uv": [1, 9, 2, 10], "rotation": 90, "texture": "#1"}
			}
		},
		{
			"name": "elytra_icon_8",
			"from": [16, 4, 4],
			"to": [17, 12, 7],
			"faces": {
				"north": {"uv": [11, 4, 12, 12], "texture": "#1"},
				"east": {"uv": [9, 4, 12, 12], "texture": "#1"},
				"south": {"uv": [9, 4, 10, 12], "texture": "#1"},
				"west": {"uv": [9, 12, 12, 4], "rotation": 180, "texture": "#1"},
				"up": {"uv": [12, 4, 9, 5], "rotation": 90, "texture": "#1"},
				"down": {"uv": [9, 11, 12, 12], "rotation": 90, "texture": "#1"}
			}
		},
		{
			"name": "elytra_icon_9",
			"from": [16, 6, 1],
			"to": [17, 12, 2],
			"faces": {
				"north": {"uv": [14, 4, 15, 10], "texture": "#1"},
				"east": {"uv": [14, 4, 15, 10], "texture": "#1"},
				"south": {"uv": [14, 4, 15, 10], "texture": "#1"},
				"west": {"uv": [14, 10, 15, 4], "rotation": 180, "texture": "#1"},
				"up": {"uv": [15, 4, 14, 5], "rotation": 90, "texture": "#1"},
				"down": {"uv": [14, 9, 15, 10], "rotation": 90, "texture": "#1"}
			}
		},
		{
			"name": "elytra_icon_10",
			"from": [16, 2, 11],
			"to": [17, 4, 13],
			"faces": {
				"north": {"uv": [4, 12, 5, 14], "texture": "#1"},
				"east": {"uv": [3, 12, 5, 14], "texture": "#1"},
				"south": {"uv": [3, 12, 4, 14], "texture": "#1"},
				"west": {"uv": [3, 14, 5, 12], "rotation": 180, "texture": "#1"},
				"up": {"uv": [5, 12, 3, 13], "rotation": 90, "texture": "#1"},
				"down": {"uv": [3, 13, 5, 14], "rotation": 90, "texture": "#1"}
			}
		},
		{
			"name": "elytra_icon_11",
			"from": [16, 3, 10],
			"to": [17, 4, 11],
			"faces": {
				"north": {"uv": [5, 12, 6, 13], "texture": "#1"},
				"east": {"uv": [5, 12, 6, 13], "texture": "#1"},
				"south": {"uv": [5, 12, 6, 13], "texture": "#1"},
				"west": {"uv": [5, 13, 6, 12], "rotation": 180, "texture": "#1"},
				"up": {"uv": [6, 12, 5, 13], "rotation": 90, "texture": "#1"},
				"down": {"uv": [5, 12, 6, 13], "rotation": 90, "texture": "#1"}
			}
		},
		{
			"name": "elytra_icon_12",
			"from": [16, 3, 3],
			"to": [17, 4, 6],
			"faces": {
				"north": {"uv": [12, 12, 13, 13], "texture": "#1"},
				"east": {"uv": [10, 12, 13, 13], "texture": "#1"},
				"south": {"uv": [10, 12, 11, 13], "texture": "#1"},
				"west": {"uv": [10, 13, 13, 12], "rotation": 180, "texture": "#1"},
				"up": {"uv": [13, 12, 10, 13], "rotation": 90, "texture": "#1"},
				"down": {"uv": [10, 12, 13, 13], "rotation": 90, "texture": "#1"}
			}
		},
		{
			"name": "elytra_icon_13",
			"from": [16, 2, 3],
			"to": [17, 3, 5],
			"faces": {
				"north": {"uv": [12, 13, 13, 14], "texture": "#1"},
				"east": {"uv": [11, 13, 13, 14], "texture": "#1"},
				"south": {"uv": [11, 13, 12, 14], "texture": "#1"},
				"west": {"uv": [11, 14, 13, 13], "rotation": 180, "texture": "#1"},
				"up": {"uv": [13, 13, 11, 14], "rotation": 90, "texture": "#1"},
				"down": {"uv": [11, 13, 13, 14], "rotation": 90, "texture": "#1"}
			}
		}
	],
	"groups": [0,
		{
			"name": "elytra_icon",
			"origin": [8, 8, 8],
			"children": [1, 2, 3, 4, 5, 6, 7, 8, 9, 10, 11]
		},
		{
			"name": "elytra_icon",
			"origin": [8, 8, 8],
			"children": [12, 13, 14, 15, 16, 17, 18, 19, 20, 21, 22]
		},
		{
			"name": "elytra_icon",
			"origin": [8, 8, 8],
			"children": [23, 24, 25, 26, 27, 28, 29, 30, 31, 32, 33]
		},
		{
			"name": "elytra_icon",
			"origin": [8, 8, 8],
			"children": [34, 35, 36, 37, 38, 39, 40, 41, 42, 43, 44]
		}
	]
}