{
    "parent": "block/redstone_block",
    "overrides": [
      {"predicate": {"custom_model_data":1}, "model": "block/redstone_block"},
      {"predicate": {"custom_model_data":2}, "model": "block/bedrock"},
      {"predicate": {"custom_model_data":3}, "model": "block/obsidian"},
      {"predicate": {"custom_model_data":4}, "model": "block/white_wool"},
      {"predicate": {"custom_model_data":5}, "model": "block/purpur_slab"},
      {"predicate": {"custom_model_data":6}, "model": "block/cracked_polished_blackstone_bricks"},
      {"predicate": {"custom_model_data":7}, "model": "block/chain_command_block"}
    ]
}
